/*******************************************************************************
 * Size: 16 px
 * Bpp: 4
 * Opts: --font NotoSansSC-Regular.otf --size 16 --bpp 4 --format lvgl --no-compress --lv-include lvgl.h --range 0x20-0x7E,0x00B7,0x2026,0x3002,0x4E0A,0x4E0D,0x4E2D,0x4EF6,0x4F20,0x4F4E,0x4F4F,0x50A8,0x5173,0x5217,0x5220,0x53D1,0x53D6,0x540C,0x5426,0x56DE,0x56FA,0x58A8,0x5931,0x59CB,0x5B57,0x5B58,0x5DF2,0x5F00,0x5F55,0x5F85,0x6309,0x6392,0x63A5,0x6587,0x662F,0x672A,0x672C,0x673A,0x675F,0x6761,0x6B65,0x6D6E,0x6D88,0x6E05,0x7248,0x7535,0x7A7A,0x7ED3,0x7F51,0x7F6E,0x8BB0,0x8BBE,0x8D25,0x8DB3,0x8F6C,0x8FD4,0x8FDE,0x9001,0x901F,0x914D,0x91CD,0x91CF,0x952E,0x957F,0x961F,0x9664,0x97F3,0xFF0C,0xFF1F --lv-font-name flomo_font_16 -o flomo_font_16.c
 ******************************************************************************/

#ifdef LV_LVGL_H_INCLUDE_SIMPLE
#include "lvgl.h"
#else
#include "lvgl.h"
#endif

#ifndef FLOMO_FONT_16
#define FLOMO_FONT_16 1
#endif

#if FLOMO_FONT_16

/*-----------------
 *    BITMAPS
 *----------------*/

/*Store the image of the glyphs*/
static LV_ATTRIBUTE_LARGE_CONST const uint8_t glyph_bitmap[] = {
    /* U+0020 " " */

    /* U+0021 "!" */
    0x2f, 0x42, 0xf4, 0x1f, 0x41, 0xf3, 0xf, 0x30,
    0xf2, 0xf, 0x20, 0xf1, 0x7, 0x0, 0x20, 0x5f,
    0x73, 0xe5,

    /* U+0022 "\"" */
    0x8f, 0x6, 0xf1, 0x8e, 0x6, 0xf1, 0x7d, 0x4,
    0xf0, 0x5c, 0x3, 0xe0, 0x27, 0x1, 0x80,

    /* U+0023 "#" */
    0x0, 0xe, 0x0, 0xb4, 0x0, 0x2, 0xc0, 0xd,
    0x10, 0x0, 0x4a, 0x0, 0xf0, 0x0, 0xff, 0xff,
    0xff, 0xf5, 0x0, 0x86, 0x3, 0xb0, 0x0, 0xa,
    0x40, 0x5a, 0x0, 0x0, 0xc2, 0x6, 0x80, 0x5,
    0xef, 0xee, 0xff, 0xe0, 0x1, 0xf1, 0x1b, 0x51,
    0x0, 0x1d, 0x0, 0xc2, 0x0, 0x3, 0xb0, 0xe,
    0x10, 0x0, 0x59, 0x0, 0xf0, 0x0,

    /* U+0024 "$" */
    0x0, 0x0, 0xf0, 0x0, 0x0, 0x0, 0xf1, 0x0,
    0x0, 0x7f, 0xff, 0xa0, 0x4, 0xf7, 0x3, 0xc4,
    0x8, 0xe0, 0x0, 0x0, 0x8, 0xf0, 0x0, 0x0,
    0x3, 0xfb, 0x20, 0x0, 0x0, 0x4e, 0xf7, 0x0,
    0x0, 0x1, 0x9f, 0xb0, 0x0, 0x0, 0x4, 0xf8,
    0x0, 0x0, 0x0, 0xbb, 0x1, 0x0, 0x0, 0xab,
    0xd, 0xa3, 0x5, 0xf6, 0x3, 0xcf, 0xff, 0x80,
    0x0, 0x1, 0xf1, 0x0, 0x0, 0x0, 0xf0, 0x0,

    /* U+0025 "%" */
    0x3, 0xde, 0xa0, 0x0, 0x2, 0xc0, 0x0, 0x0,
    0xe4, 0xb, 0x80, 0x0, 0xb4, 0x0, 0x0, 0x4d,
    0x0, 0x4d, 0x0, 0x4b, 0x0, 0x0, 0x5, 0xc0,
    0x3, 0xe0, 0xc, 0x30, 0x0, 0x0, 0x3d, 0x0,
    0x4d, 0x5, 0xa1, 0xae, 0xa0, 0x0, 0xe5, 0xb,
    0x70, 0xd2, 0xa8, 0xa, 0x80, 0x3, 0xce, 0x90,
    0x69, 0xf, 0x10, 0x2e, 0x0, 0x0, 0x0, 0xd,
    0x12, 0xe0, 0x0, 0xf0, 0x0, 0x0, 0x8, 0x70,
    0x2e, 0x0, 0xf, 0x0, 0x0, 0x1, 0xd0, 0x0,
    0xf1, 0x2, 0xe0, 0x0, 0x0, 0x96, 0x0, 0xa,
    0x80, 0x99, 0x0, 0x0, 0x2d, 0x0, 0x0, 0x1b,
    0xea, 0x0,

    /* U+0026 "&" */
    0x0, 0x9, 0xed, 0x40, 0x0, 0x0, 0x8, 0xd2,
    0x7f, 0x0, 0x0, 0x0, 0xd7, 0x2, 0xf1, 0x0,
    0x0, 0xc, 0x70, 0x8b, 0x0, 0x0, 0x0, 0x7c,
    0x9d, 0x10, 0x0, 0x0, 0x5, 0xfc, 0x0, 0x0,
    0x62, 0x5, 0xfb, 0xf2, 0x0, 0x4f, 0x11, 0xf8,
    0xb, 0xd1, 0xa, 0xb0, 0x5f, 0x10, 0x1c, 0xd6,
    0xf2, 0x4, 0xf3, 0x0, 0x1c, 0xfa, 0x0, 0xd,
    0xd5, 0x37, 0xfd, 0xfb, 0x30, 0x1a, 0xee, 0xb5,
    0x4, 0xb5,

    /* U+0027 "'" */
    0x8f, 0x8e, 0x7d, 0x5c, 0x27,

    /* U+0028 "(" */
    0x0, 0x0, 0x0, 0x88, 0x1, 0xe1, 0x7, 0xa0,
    0xd, 0x50, 0x1f, 0x10, 0x5e, 0x0, 0x6c, 0x0,
    0x7b, 0x0, 0x7b, 0x0, 0x6c, 0x0, 0x5e, 0x0,
    0x1f, 0x10, 0xd, 0x50, 0x7, 0xa0, 0x1, 0xe1,
    0x0, 0x88, 0x0, 0x0,

    /* U+0029 ")" */
    0x1, 0x0, 0x2e, 0x0, 0xa, 0x70, 0x4, 0xe0,
    0x0, 0xe4, 0x0, 0xa8, 0x0, 0x7b, 0x0, 0x5d,
    0x0, 0x4e, 0x0, 0x4e, 0x0, 0x5d, 0x0, 0x7b,
    0x0, 0xa8, 0x0, 0xe3, 0x4, 0xe0, 0xb, 0x70,
    0x2e, 0x0, 0x0, 0x0,

    /* U+002A "*" */
    0x0, 0xb3, 0x0, 0x53, 0xd6, 0x51, 0x7e, 0xff,
    0xb2, 0x7, 0xee, 0x0, 0x1e, 0x2a, 0x70, 0x1,
    0x0, 0x0,

    /* U+002B "+" */
    0x0, 0x0, 0x20, 0x0, 0x0, 0x0, 0x2f, 0x0,
    0x0, 0x0, 0x2, 0xf0, 0x0, 0x0, 0x0, 0x2f,
    0x0, 0x0, 0x5f, 0xff, 0xff, 0xff, 0x40, 0x22,
    0x4f, 0x22, 0x20, 0x0, 0x2, 0xf0, 0x0, 0x0,
    0x0, 0x2f, 0x0, 0x0, 0x0, 0x2, 0xf0, 0x0,
    0x0,

    /* U+002C "," */
    0x0, 0x0, 0x8, 0xe2, 0x8, 0xf7, 0x0, 0xb6,
    0x5, 0xe1, 0xb, 0x10, 0x0, 0x0,

    /* U+002D "-" */
    0x4f, 0xff, 0xc0, 0x22, 0x22,

    /* U+002E "." */
    0x1, 0xa, 0xf2, 0x8d, 0x10,

    /* U+002F "/" */
    0x0, 0x0, 0x3e, 0x0, 0x0, 0x7, 0x90, 0x0,
    0x0, 0xc4, 0x0, 0x0, 0x1e, 0x0, 0x0, 0x6,
    0xa0, 0x0, 0x0, 0xb5, 0x0, 0x0, 0x1f, 0x0,
    0x0, 0x5, 0xb0, 0x0, 0x0, 0xa6, 0x0, 0x0,
    0xf, 0x10, 0x0, 0x4, 0xc0, 0x0, 0x0, 0x97,
    0x0, 0x0, 0xe, 0x20, 0x0, 0x3, 0xd0, 0x0,
    0x0, 0x88, 0x0, 0x0, 0x6, 0x20, 0x0, 0x0,

    /* U+0030 "0" */
    0x0, 0x4c, 0xfb, 0x20, 0x0, 0x3f, 0x93, 0xae,
    0x10, 0x9, 0xc0, 0x0, 0xe8, 0x0, 0xf7, 0x0,
    0x9, 0xd0, 0x1f, 0x40, 0x0, 0x6f, 0x2, 0xf3,
    0x0, 0x5, 0xf0, 0x2f, 0x30, 0x0, 0x5f, 0x0,
    0xf5, 0x0, 0x6, 0xf0, 0xf, 0x70, 0x0, 0x9d,
    0x0, 0x9c, 0x0, 0xe, 0x70, 0x2, 0xf9, 0x4a,
    0xe1, 0x0, 0x3, 0xcf, 0xb2, 0x0,

    /* U+0031 "1" */
    0x4, 0x9f, 0x70, 0x0, 0xcc, 0xf7, 0x0, 0x0,
    0xf, 0x70, 0x0, 0x0, 0xf7, 0x0, 0x0, 0xf,
    0x70, 0x0, 0x0, 0xf7, 0x0, 0x0, 0xf, 0x70,
    0x0, 0x0, 0xf7, 0x0, 0x0, 0xf, 0x70, 0x0,
    0x0, 0xf7, 0x0, 0x23, 0x3f, 0x93, 0x39, 0xff,
    0xff, 0xfd,

    /* U+0032 "2" */
    0x1, 0x9d, 0xeb, 0x20, 0x1, 0xeb, 0x55, 0xde,
    0x0, 0x5, 0x0, 0x2, 0xf5, 0x0, 0x0, 0x0,
    0xf, 0x70, 0x0, 0x0, 0x1, 0xf5, 0x0, 0x0,
    0x0, 0x7f, 0x10, 0x0, 0x0, 0x1f, 0x80, 0x0,
    0x0, 0xb, 0xd0, 0x0, 0x0, 0x9, 0xf2, 0x0,
    0x0, 0x9, 0xf3, 0x0, 0x0, 0x9, 0xf7, 0x44,
    0x44, 0x4, 0xff, 0xff, 0xff, 0xf1,

    /* U+0033 "3" */
    0x1, 0x9d, 0xfc, 0x40, 0xd, 0xb5, 0x5b, 0xf3,
    0x1, 0x0, 0x0, 0xf8, 0x0, 0x0, 0x0, 0xf7,
    0x0, 0x0, 0x3b, 0xd1, 0x0, 0x2f, 0xfd, 0x10,
    0x0, 0x3, 0x5c, 0xe2, 0x0, 0x0, 0x0, 0xcb,
    0x0, 0x0, 0x0, 0x8e, 0x5, 0x0, 0x0, 0xbc,
    0x4f, 0xa5, 0x4a, 0xf5, 0x3, 0xad, 0xfc, 0x40,

    /* U+0034 "4" */
    0x0, 0x0, 0x2f, 0xc0, 0x0, 0x0, 0xb, 0xfc,
    0x0, 0x0, 0x4, 0xf9, 0xc0, 0x0, 0x0, 0xd9,
    0x8c, 0x0, 0x0, 0x7e, 0x18, 0xc0, 0x0, 0x1f,
    0x50, 0x8c, 0x0, 0xa, 0xc0, 0x8, 0xc0, 0x4,
    0xf2, 0x0, 0x8c, 0x0, 0xaf, 0xff, 0xff, 0xff,
    0x62, 0x22, 0x22, 0xad, 0x21, 0x0, 0x0, 0x8,
    0xc0, 0x0, 0x0, 0x0, 0x8c, 0x0,

    /* U+0035 "5" */
    0x4, 0xff, 0xff, 0xf7, 0x0, 0x5f, 0x43, 0x33,
    0x10, 0x6, 0xe0, 0x0, 0x0, 0x0, 0x7d, 0x0,
    0x0, 0x0, 0x9, 0xeb, 0xec, 0x50, 0x0, 0x5a,
    0x43, 0x9f, 0x50, 0x0, 0x0, 0x0, 0xcc, 0x0,
    0x0, 0x0, 0x8, 0xf0, 0x0, 0x0, 0x0, 0x8e,
    0x0, 0x40, 0x0, 0xd, 0xb0, 0x4f, 0xa5, 0x4b,
    0xf2, 0x0, 0x3a, 0xde, 0xb2, 0x0,

    /* U+0036 "6" */
    0x0, 0x8, 0xde, 0xb2, 0x0, 0xb, 0xd6, 0x48,
    0x90, 0x5, 0xf1, 0x0, 0x0, 0x0, 0xc9, 0x0,
    0x0, 0x0, 0xf, 0x67, 0xdd, 0x80, 0x1, 0xfd,
    0x93, 0x5f, 0x80, 0x1f, 0x80, 0x0, 0x7f, 0x0,
    0xf6, 0x0, 0x4, 0xf1, 0xd, 0x90, 0x0, 0x4f,
    0x10, 0x7e, 0x0, 0x8, 0xe0, 0x1, 0xeb, 0x36,
    0xf6, 0x0, 0x1, 0xae, 0xd6, 0x0,

    /* U+0037 "7" */
    0x3f, 0xff, 0xff, 0xff, 0x10, 0x33, 0x33, 0x3c,
    0xb0, 0x0, 0x0, 0x4, 0xf2, 0x0, 0x0, 0x0,
    0xd7, 0x0, 0x0, 0x0, 0x4f, 0x10, 0x0, 0x0,
    0xb, 0xa0, 0x0, 0x0, 0x0, 0xf5, 0x0, 0x0,
    0x0, 0x4f, 0x20, 0x0, 0x0, 0x7, 0xf0, 0x0,
    0x0, 0x0, 0x9d, 0x0, 0x0, 0x0, 0xb, 0xc0,
    0x0, 0x0, 0x0, 0xcb, 0x0, 0x0,

    /* U+0038 "8" */
    0x0, 0x5d, 0xfd, 0x50, 0x0, 0x4f, 0x62, 0x6f,
    0x40, 0x9, 0xb0, 0x0, 0xaa, 0x0, 0x8b, 0x0,
    0x9, 0xa0, 0x3, 0xf6, 0x0, 0xd4, 0x0, 0x6,
    0xfc, 0xb8, 0x0, 0x2, 0xd6, 0x9f, 0xc1, 0x0,
    0xd7, 0x0, 0x1d, 0xc0, 0x3f, 0x20, 0x0, 0x5f,
    0x12, 0xf3, 0x0, 0x6, 0xf0, 0xb, 0xd4, 0x25,
    0xe9, 0x0, 0x8, 0xdf, 0xd7, 0x0,

    /* U+0039 "9" */
    0x0, 0x8e, 0xea, 0x10, 0x0, 0x9e, 0x44, 0xbd,
    0x0, 0x1f, 0x50, 0x0, 0xe6, 0x4, 0xf1, 0x0,
    0x9, 0xc0, 0x2f, 0x30, 0x0, 0x7e, 0x0, 0xdb,
    0x10, 0x6f, 0xf0, 0x2, 0xdf, 0xfa, 0x7f, 0x0,
    0x0, 0x10, 0x9, 0xd0, 0x0, 0x0, 0x0, 0xd9,
    0x0, 0x0, 0x0, 0x4f, 0x30, 0xc, 0x94, 0x6f,
    0xa0, 0x0, 0x3b, 0xed, 0x70, 0x0,

    /* U+003A ":" */
    0x8d, 0x1a, 0xf2, 0x1, 0x0, 0x0, 0x0, 0x0,
    0x0, 0x1, 0xa, 0xf2, 0x8d, 0x10,

    /* U+003B ";" */
    0x8, 0xd1, 0xa, 0xf2, 0x0, 0x10, 0x0, 0x0,
    0x0, 0x0, 0x0, 0x0, 0x0, 0x0, 0x8, 0xe2,
    0x8, 0xf7, 0x0, 0xb6, 0x5, 0xe1, 0xb, 0x10,
    0x0, 0x0,

    /* U+003C "<" */
    0x0, 0x0, 0x0, 0x5, 0x20, 0x0, 0x2, 0x8e,
    0xe3, 0x0, 0x5b, 0xfa, 0x40, 0x4, 0xed, 0x71,
    0x0, 0x0, 0x4e, 0xd6, 0x10, 0x0, 0x0, 0x5,
    0xbf, 0xb5, 0x0, 0x0, 0x0, 0x28, 0xee, 0x30,
    0x0, 0x0, 0x0, 0x52,

    /* U+003D "=" */
    0x6f, 0xff, 0xff, 0xff, 0x40, 0x11, 0x11, 0x11,
    0x10, 0x0, 0x0, 0x0, 0x0, 0x0, 0x0, 0x0,
    0x0, 0x0, 0x5f, 0xff, 0xff, 0xff, 0x40, 0x22,
    0x22, 0x22, 0x20,

    /* U+003E ">" */
    0x34, 0x0, 0x0, 0x0, 0x4, 0xfe, 0x71, 0x0,
    0x0, 0x0, 0x5b, 0xfa, 0x40, 0x0, 0x0, 0x1,
    0x7d, 0xe2, 0x0, 0x0, 0x17, 0xde, 0x20, 0x5,
    0xbf, 0xb4, 0x0, 0x4f, 0xe7, 0x10, 0x0, 0x3,
    0x40, 0x0, 0x0, 0x0,

    /* U+003F "?" */
    0x3, 0xbe, 0xe7, 0x1, 0xe8, 0x49, 0xf6, 0x0,
    0x0, 0xd, 0xa0, 0x0, 0x0, 0xe8, 0x0, 0x0,
    0x7f, 0x20, 0x0, 0x3f, 0x50, 0x0, 0xd, 0x90,
    0x0, 0x2, 0xf4, 0x0, 0x0, 0x4, 0x0, 0x0,
    0x0, 0x20, 0x0, 0x0, 0x5f, 0x70, 0x0, 0x3,
    0xe5, 0x0,

    /* U+0040 "@" */
    0x0, 0x0, 0x6, 0xbe, 0xfc, 0x92, 0x0, 0x0,
    0x0, 0x2c, 0xb5, 0x20, 0x38, 0xe5, 0x0, 0x0,
    0x2e, 0x60, 0x0, 0x0, 0x3, 0xe2, 0x0, 0xc,
    0x70, 0x0, 0x0, 0x0, 0x7, 0xb0, 0x6, 0xc0,
    0x0, 0x7d, 0xca, 0x60, 0x1f, 0x0, 0xc5, 0x0,
    0x9b, 0x13, 0xf3, 0x0, 0xe1, 0xf, 0x10, 0x2f,
    0x10, 0x1f, 0x10, 0xd, 0x21, 0xf0, 0x6, 0xb0,
    0x3, 0xd0, 0x0, 0xf0, 0xf, 0x10, 0x8a, 0x0,
    0x6b, 0x0, 0x5b, 0x0, 0xc4, 0x5, 0xe1, 0x3c,
    0xd0, 0x3d, 0x20, 0x8, 0xb0, 0x9, 0xda, 0x18,
    0xdb, 0x20, 0x0, 0xd, 0x70, 0x0, 0x0, 0x0,
    0x0, 0x0, 0x0, 0x2d, 0xb4, 0x10, 0x15, 0x30,
    0x0, 0x0, 0x0, 0x6, 0xbd, 0xfd, 0x81, 0x0,
    0x0,

    /* U+0041 "A" */
    0x0, 0x2, 0xfd, 0x0, 0x0, 0x0, 0x7, 0xcf,
    0x20, 0x0, 0x0, 0xc, 0x6c, 0x80, 0x0, 0x0,
    0x2f, 0x17, 0xd0, 0x0, 0x0, 0x7d, 0x2, 0xf2,
    0x0, 0x0, 0xc8, 0x0, 0xd8, 0x0, 0x1, 0xf3,
    0x0, 0x8d, 0x0, 0x7, 0xff, 0xff, 0xff, 0x20,
    0xc, 0xa2, 0x22, 0x2e, 0x70, 0x1f, 0x40, 0x0,
    0xa, 0xd0, 0x7f, 0x0, 0x0, 0x5, 0xf2, 0xcb,
    0x0, 0x0, 0x1, 0xf7,

    /* U+0042 "B" */
    0x6f, 0xff, 0xfd, 0x80, 0x6, 0xf3, 0x23, 0x6f,
    0xb0, 0x6f, 0x10, 0x0, 0x7f, 0x6, 0xf1, 0x0,
    0x6, 0xf0, 0x6f, 0x10, 0x4, 0xe8, 0x6, 0xff,
    0xff, 0xfc, 0x10, 0x6f, 0x32, 0x35, 0xce, 0x26,
    0xf1, 0x0, 0x0, 0xd9, 0x6f, 0x10, 0x0, 0xb,
    0xb6, 0xf1, 0x0, 0x1, 0xe9, 0x6f, 0x43, 0x36,
    0xde, 0x26, 0xff, 0xff, 0xd9, 0x20,

    /* U+0043 "C" */
    0x0, 0x3, 0xad, 0xea, 0x30, 0x0, 0x6f, 0xc7,
    0x6a, 0xf1, 0x2, 0xf9, 0x0, 0x0, 0x20, 0xa,
    0xe0, 0x0, 0x0, 0x0, 0xd, 0xa0, 0x0, 0x0,
    0x0, 0xf, 0x80, 0x0, 0x0, 0x0, 0xf, 0x80,
    0x0, 0x0, 0x0, 0xd, 0xa0, 0x0, 0x0, 0x0,
    0xa, 0xe0, 0x0, 0x0, 0x0, 0x2, 0xf9, 0x0,
    0x0, 0x51, 0x0, 0x7f, 0xb6, 0x6a, 0xf4, 0x0,
    0x3, 0xbe, 0xea, 0x30,

    /* U+0044 "D" */
    0x6f, 0xff, 0xda, 0x30, 0x0, 0x6f, 0x43, 0x6b,
    0xf7, 0x0, 0x6f, 0x10, 0x0, 0x8f, 0x30, 0x6f,
    0x10, 0x0, 0xe, 0xa0, 0x6f, 0x10, 0x0, 0xa,
    0xd0, 0x6f, 0x10, 0x0, 0x8, 0xf0, 0x6f, 0x10,
    0x0, 0x8, 0xf0, 0x6f, 0x10, 0x0, 0xa, 0xd0,
    0x6f, 0x10, 0x0, 0xe, 0xa0, 0x6f, 0x10, 0x0,
    0x9f, 0x20, 0x6f, 0x44, 0x6c, 0xf7, 0x0, 0x6f,
    0xff, 0xda, 0x30, 0x0,

    /* U+0045 "E" */
    0x6f, 0xff, 0xff, 0xf5, 0x6f, 0x53, 0x33, 0x31,
    0x6f, 0x10, 0x0, 0x0, 0x6f, 0x10, 0x0, 0x0,
    0x6f, 0x20, 0x0, 0x0, 0x6f, 0xff, 0xff, 0x80,
    0x6f, 0x43, 0x33, 0x10, 0x6f, 0x10, 0x0, 0x0,
    0x6f, 0x10, 0x0, 0x0, 0x6f, 0x10, 0x0, 0x0,
    0x6f, 0x54, 0x44, 0x42, 0x6f, 0xff, 0xff, 0xf8,

    /* U+0046 "F" */
    0x6f, 0xff, 0xff, 0xf5, 0x6f, 0x53, 0x33, 0x31,
    0x6f, 0x10, 0x0, 0x0, 0x6f, 0x10, 0x0, 0x0,
    0x6f, 0x10, 0x0, 0x0, 0x6f, 0xff, 0xff, 0x80,
    0x6f, 0x43, 0x33, 0x10, 0x6f, 0x10, 0x0, 0x0,
    0x6f, 0x10, 0x0, 0x0, 0x6f, 0x10, 0x0, 0x0,
    0x6f, 0x10, 0x0, 0x0, 0x6f, 0x10, 0x0, 0x0,

    /* U+0047 "G" */
    0x0, 0x2, 0xad, 0xeb, 0x60, 0x0, 0x5f, 0xd7,
    0x59, 0xf6, 0x1, 0xfa, 0x0, 0x0, 0x20, 0xa,
    0xf1, 0x0, 0x0, 0x0, 0xd, 0xa0, 0x0, 0x0,
    0x0, 0xf, 0x80, 0x0, 0x0, 0x0, 0xf, 0x80,
    0x0, 0xff, 0xfd, 0xd, 0xa0, 0x0, 0x33, 0x9d,
    0xa, 0xe0, 0x0, 0x0, 0x8d, 0x2, 0xf9, 0x0,
    0x0, 0x8d, 0x0, 0x6f, 0xc7, 0x57, 0xeb, 0x0,
    0x3, 0xad, 0xfc, 0x70,

    /* U+0048 "H" */
    0x6f, 0x10, 0x0, 0x6, 0xf0, 0x6f, 0x10, 0x0,
    0x6, 0xf0, 0x6f, 0x10, 0x0, 0x6, 0xf0, 0x6f,
    0x10, 0x0, 0x6, 0xf0, 0x6f, 0x20, 0x0, 0x7,
    0xf0, 0x6f, 0xff, 0xff, 0xff, 0xf0, 0x6f, 0x43,
    0x33, 0x39, 0xf0, 0x6f, 0x10, 0x0, 0x6, 0xf0,
    0x6f, 0x10, 0x0, 0x6, 0xf0, 0x6f, 0x10, 0x0,
    0x6, 0xf0, 0x6f, 0x10, 0x0, 0x6, 0xf0, 0x6f,
    0x10, 0x0, 0x6, 0xf0,

    /* U+0049 "I" */
    0x6f, 0x16, 0xf1, 0x6f, 0x16, 0xf1, 0x6f, 0x16,
    0xf1, 0x6f, 0x16, 0xf1, 0x6f, 0x16, 0xf1, 0x6f,
    0x16, 0xf1,

    /* U+004A "J" */
    0x0, 0x0, 0x7, 0xf0, 0x0, 0x0, 0x7, 0xf0,
    0x0, 0x0, 0x7, 0xf0, 0x0, 0x0, 0x7, 0xf0,
    0x0, 0x0, 0x7, 0xf0, 0x0, 0x0, 0x7, 0xf0,
    0x0, 0x0, 0x7, 0xf0, 0x0, 0x0, 0x7, 0xf0,
    0x0, 0x0, 0x8, 0xf0, 0x6, 0x0, 0xa, 0xd0,
    0x2e, 0xb5, 0x8f, 0x70, 0x3, 0xae, 0xd8, 0x0,

    /* U+004B "K" */
    0x6f, 0x10, 0x0, 0x6f, 0x50, 0x6f, 0x10, 0x3,
    0xf7, 0x0, 0x6f, 0x10, 0x1e, 0xa0, 0x0, 0x6f,
    0x10, 0xcd, 0x0, 0x0, 0x6f, 0x1a, 0xf3, 0x0,
    0x0, 0x6f, 0x8f, 0xf9, 0x0, 0x0, 0x6f, 0xf7,
    0x7f, 0x20, 0x0, 0x6f, 0xa0, 0xe, 0xb0, 0x0,
    0x6f, 0x10, 0x5, 0xf4, 0x0, 0x6f, 0x10, 0x0,
    0xcd, 0x0, 0x6f, 0x10, 0x0, 0x3f, 0x60, 0x6f,
    0x10, 0x0, 0xa, 0xe0,

    /* U+004C "L" */
    0x6f, 0x10, 0x0, 0x0, 0x6f, 0x10, 0x0, 0x0,
    0x6f, 0x10, 0x0, 0x0, 0x6f, 0x10, 0x0, 0x0,
    0x6f, 0x10, 0x0, 0x0, 0x6f, 0x10, 0x0, 0x0,
    0x6f, 0x10, 0x0, 0x0, 0x6f, 0x10, 0x0, 0x0,
    0x6f, 0x10, 0x0, 0x0, 0x6f, 0x10, 0x0, 0x0,
    0x6f, 0x54, 0x44, 0x40, 0x6f, 0xff, 0xff, 0xf3,

    /* U+004D "M" */
    0x6f, 0x80, 0x0, 0x0, 0x9f, 0x56, 0xfe, 0x0,
    0x0, 0xe, 0xf5, 0x6c, 0xe4, 0x0, 0x4, 0xed,
    0x56, 0xd9, 0x90, 0x0, 0xa8, 0xe5, 0x6e, 0x4e,
    0x0, 0xf, 0x3f, 0x56, 0xe0, 0xe4, 0x5, 0xd0,
    0xf5, 0x6e, 0x8, 0xa0, 0xa7, 0xf, 0x56, 0xe0,
    0x2f, 0x1f, 0x20, 0xf5, 0x6e, 0x0, 0xda, 0xc0,
    0xf, 0x56, 0xe0, 0x7, 0xf6, 0x0, 0xf5, 0x6e,
    0x0, 0x1c, 0x10, 0xf, 0x56, 0xe0, 0x0, 0x0,
    0x0, 0xf5,

    /* U+004E "N" */
    0x6f, 0x60, 0x0, 0x7, 0xf6, 0xfe, 0x0, 0x0,
    0x7f, 0x6d, 0xd8, 0x0, 0x7, 0xf6, 0xe5, 0xf2,
    0x0, 0x7f, 0x6f, 0xc, 0xa0, 0x7, 0xf6, 0xf0,
    0x3f, 0x30, 0x7f, 0x6f, 0x0, 0xac, 0x7, 0xf6,
    0xf0, 0x2, 0xf5, 0x6f, 0x6f, 0x0, 0x8, 0xd5,
    0xf6, 0xf0, 0x0, 0xe, 0xaf, 0x6f, 0x0, 0x0,
    0x6f, 0xf6, 0xf0, 0x0, 0x0, 0xdf,

    /* U+004F "O" */
    0x0, 0x4, 0xbe, 0xea, 0x30, 0x0, 0x7, 0xfb,
    0x67, 0xcf, 0x50, 0x3, 0xf8, 0x0, 0x0, 0xaf,
    0x10, 0xae, 0x0, 0x0, 0x1, 0xf8, 0xd, 0xa0,
    0x0, 0x0, 0xc, 0xb0, 0xf8, 0x0, 0x0, 0x0,
    0xad, 0xf, 0x80, 0x0, 0x0, 0xa, 0xd0, 0xda,
    0x0, 0x0, 0x0, 0xcb, 0xa, 0xe0, 0x0, 0x0,
    0x1f, 0x80, 0x2f, 0x80, 0x0, 0xa, 0xf1, 0x0,
    0x7f, 0xb6, 0x6c, 0xf5, 0x0, 0x0, 0x4b, 0xee,
    0xa3, 0x0,

    /* U+0050 "P" */
    0x6f, 0xff, 0xfd, 0x70, 0x6, 0xf4, 0x34, 0x7e,
    0xb0, 0x6f, 0x10, 0x0, 0x5f, 0x26, 0xf1, 0x0,
    0x2, 0xf4, 0x6f, 0x10, 0x0, 0x5f, 0x26, 0xf1,
    0x1, 0x5e, 0xb0, 0x6f, 0xff, 0xff, 0x91, 0x6,
    0xf4, 0x32, 0x0, 0x0, 0x6f, 0x10, 0x0, 0x0,
    0x6, 0xf1, 0x0, 0x0, 0x0, 0x6f, 0x10, 0x0,
    0x0, 0x6, 0xf1, 0x0, 0x0, 0x0,

    /* U+0051 "Q" */
    0x0, 0x4, 0xbe, 0xea, 0x30, 0x0, 0x0, 0x7f,
    0xb6, 0x7c, 0xf5, 0x0, 0x2, 0xf9, 0x0, 0x0,
    0xbe, 0x0, 0xa, 0xf0, 0x0, 0x0, 0x2f, 0x70,
    0xd, 0xa0, 0x0, 0x0, 0xc, 0xb0, 0xf, 0x80,
    0x0, 0x0, 0xa, 0xd0, 0xf, 0x70, 0x0, 0x0,
    0x9, 0xe0, 0xe, 0x90, 0x0, 0x0, 0xb, 0xc0,
    0xb, 0xd0, 0x0, 0x0, 0xe, 0x90, 0x5, 0xf4,
    0x0, 0x0, 0x6f, 0x30, 0x0, 0xce, 0x40, 0x5,
    0xfa, 0x0, 0x0, 0xb, 0xfe, 0xff, 0xa0, 0x0,
    0x0, 0x0, 0x1b, 0xf3, 0x0, 0x0, 0x0, 0x0,
    0x2, 0xed, 0x41, 0x20, 0x0, 0x0, 0x0, 0x2b,
    0xff, 0xf1, 0x0, 0x0, 0x0, 0x0, 0x2, 0x10,

    /* U+0052 "R" */
    0x6f, 0xff, 0xfd, 0x81, 0x6, 0xf4, 0x33, 0x6e,
    0xc0, 0x6f, 0x10, 0x0, 0x5f, 0x26, 0xf1, 0x0,
    0x2, 0xf5, 0x6f, 0x10, 0x0, 0x4f, 0x36, 0xf1,
    0x0, 0x4e, 0xd0, 0x6f, 0xff, 0xff, 0xb1, 0x6,
    0xf4, 0x2a, 0xe1, 0x0, 0x6f, 0x10, 0x1e, 0x90,
    0x6, 0xf1, 0x0, 0x6f, 0x30, 0x6f, 0x10, 0x0,
    0xdc, 0x6, 0xf1, 0x0, 0x4, 0xf6,

    /* U+0053 "S" */
    0x0, 0x3b, 0xee, 0xa3, 0x0, 0x2f, 0xc7, 0x6a,
    0xf3, 0x8, 0xe0, 0x0, 0x2, 0x0, 0x9e, 0x0,
    0x0, 0x0, 0x3, 0xfc, 0x30, 0x0, 0x0, 0x4,
    0xdf, 0xc4, 0x0, 0x0, 0x0, 0x5d, 0xfa, 0x10,
    0x0, 0x0, 0x6, 0xf9, 0x0, 0x0, 0x0, 0xb,
    0xc0, 0x72, 0x0, 0x0, 0xda, 0xc, 0xf9, 0x66,
    0xbf, 0x30, 0x7, 0xbe, 0xeb, 0x30,

    /* U+0054 "T" */
    0x7f, 0xff, 0xff, 0xff, 0xf1, 0x13, 0x33, 0xfa,
    0x33, 0x30, 0x0, 0x0, 0xf8, 0x0, 0x0, 0x0,
    0x0, 0xf8, 0x0, 0x0, 0x0, 0x0, 0xf8, 0x0,
    0x0, 0x0, 0x0, 0xf8, 0x0, 0x0, 0x0, 0x0,
    0xf8, 0x0, 0x0, 0x0, 0x0, 0xf8, 0x0, 0x0,
    0x0, 0x0, 0xf8, 0x0, 0x0, 0x0, 0x0, 0xf8,
    0x0, 0x0, 0x0, 0x0, 0xf8, 0x0, 0x0, 0x0,
    0x0, 0xf8, 0x0, 0x0,

    /* U+0055 "U" */
    0x6f, 0x0, 0x0, 0x6, 0xf6, 0xf0, 0x0, 0x0,
    0x6f, 0x6f, 0x0, 0x0, 0x6, 0xf6, 0xf0, 0x0,
    0x0, 0x6f, 0x6f, 0x0, 0x0, 0x6, 0xf6, 0xf0,
    0x0, 0x0, 0x6f, 0x6f, 0x0, 0x0, 0x7, 0xf5,
    0xf1, 0x0, 0x0, 0x8e, 0x3f, 0x30, 0x0, 0xa,
    0xc0, 0xea, 0x0, 0x1, 0xf8, 0x7, 0xfa, 0x56,
    0xde, 0x10, 0x5, 0xcf, 0xea, 0x10,

    /* U+0056 "V" */
    0xdb, 0x0, 0x0, 0x7, 0xf1, 0x8f, 0x0, 0x0,
    0xb, 0xb0, 0x3f, 0x40, 0x0, 0xf, 0x60, 0xe,
    0x90, 0x0, 0x5f, 0x10, 0x9, 0xe0, 0x0, 0x9c,
    0x0, 0x4, 0xf2, 0x0, 0xe7, 0x0, 0x0, 0xe7,
    0x2, 0xf2, 0x0, 0x0, 0xac, 0x7, 0xd0, 0x0,
    0x0, 0x5f, 0xc, 0x80, 0x0, 0x0, 0xf, 0x6f,
    0x30, 0x0, 0x0, 0xb, 0xee, 0x0, 0x0, 0x0,
    0x6, 0xf9, 0x0, 0x0,

    /* U+0057 "W" */
    0x7f, 0x0, 0x0, 0xbd, 0x0, 0x0, 0xe8, 0x4f,
    0x30, 0x0, 0xff, 0x10, 0x1, 0xf4, 0x1f, 0x60,
    0x3, 0xed, 0x50, 0x4, 0xf1, 0xd, 0x90, 0x7,
    0xaa, 0x90, 0x7, 0xe0, 0xa, 0xc0, 0xb, 0x76,
    0xd0, 0xa, 0xb0, 0x7, 0xf0, 0xf, 0x33, 0xf1,
    0xd, 0x80, 0x3, 0xf2, 0x3f, 0x0, 0xf5, 0xf,
    0x40, 0x0, 0xf5, 0x7b, 0x0, 0xb9, 0x3f, 0x10,
    0x0, 0xd8, 0xa7, 0x0, 0x7c, 0x6e, 0x0, 0x0,
    0xab, 0xd4, 0x0, 0x3f, 0x9b, 0x0, 0x0, 0x6f,
    0xf0, 0x0, 0xf, 0xe8, 0x0, 0x0, 0x3f, 0xc0,
    0x0, 0xb, 0xf4, 0x0,

    /* U+0058 "X" */
    0x3f, 0x60, 0x0, 0x2f, 0x60, 0xae, 0x0, 0xa,
    0xd0, 0x2, 0xf6, 0x2, 0xf4, 0x0, 0x9, 0xe0,
    0xac, 0x0, 0x0, 0x1f, 0x9f, 0x30, 0x0, 0x0,
    0x7f, 0xa0, 0x0, 0x0, 0xa, 0xfc, 0x0, 0x0,
    0x3, 0xf4, 0xf6, 0x0, 0x0, 0xca, 0x9, 0xe0,
    0x0, 0x5f, 0x20, 0x1f, 0x70, 0xd, 0x90, 0x0,
    0x8f, 0x17, 0xf2, 0x0, 0x1, 0xe9,

    /* U+0059 "Y" */
    0xc, 0xc0, 0x0, 0x4, 0xf4, 0x4, 0xf3, 0x0,
    0xb, 0xc0, 0x0, 0xda, 0x0, 0x2f, 0x40, 0x0,
    0x5f, 0x20, 0x9d, 0x0, 0x0, 0xd, 0x81, 0xf5,
    0x0, 0x0, 0x6, 0xf8, 0xd0, 0x0, 0x0, 0x0,
    0xef, 0x50, 0x0, 0x0, 0x0, 0x8f, 0x0, 0x0,
    0x0, 0x0, 0x7f, 0x0, 0x0, 0x0, 0x0, 0x7f,
    0x0, 0x0, 0x0, 0x0, 0x7f, 0x0, 0x0, 0x0,
    0x0, 0x7f, 0x0, 0x0,

    /* U+005A "Z" */
    0xa, 0xff, 0xff, 0xff, 0xc0, 0x23, 0x33, 0x37,
    0xf6, 0x0, 0x0, 0x0, 0xcc, 0x0, 0x0, 0x0,
    0x6f, 0x20, 0x0, 0x0, 0x1f, 0x80, 0x0, 0x0,
    0xa, 0xd0, 0x0, 0x0, 0x5, 0xf4, 0x0, 0x0,
    0x0, 0xea, 0x0, 0x0, 0x0, 0x9e, 0x10, 0x0,
    0x0, 0x3f, 0x60, 0x0, 0x0, 0xd, 0xe4, 0x44,
    0x44, 0x43, 0xff, 0xff, 0xff, 0xfe,

    /* U+005B "[" */
    0x4f, 0xdb, 0x4c, 0x0, 0x4c, 0x0, 0x4c, 0x0,
    0x4c, 0x0, 0x4c, 0x0, 0x4c, 0x0, 0x4c, 0x0,
    0x4c, 0x0, 0x4c, 0x0, 0x4c, 0x0, 0x4c, 0x0,
    0x4c, 0x0, 0x4c, 0x0, 0x4c, 0x0, 0x4e, 0xdb,

    /* U+005C "\\" */
    0x97, 0x0, 0x0, 0x4, 0xc0, 0x0, 0x0, 0xf,
    0x10, 0x0, 0x0, 0xa5, 0x0, 0x0, 0x5, 0xa0,
    0x0, 0x0, 0x1f, 0x0, 0x0, 0x0, 0xc4, 0x0,
    0x0, 0x7, 0x90, 0x0, 0x0, 0x2e, 0x0, 0x0,
    0x0, 0xd3, 0x0, 0x0, 0x8, 0x80, 0x0, 0x0,
    0x3d, 0x0, 0x0, 0x0, 0xe2, 0x0, 0x0, 0x9,
    0x70, 0x0, 0x0, 0x4c, 0x0, 0x0, 0x0, 0x70,

    /* U+005D "]" */
    0x6d, 0xeb, 0x0, 0x5b, 0x0, 0x5b, 0x0, 0x5b,
    0x0, 0x5b, 0x0, 0x5b, 0x0, 0x5b, 0x0, 0x5b,
    0x0, 0x5b, 0x0, 0x5b, 0x0, 0x5b, 0x0, 0x5b,
    0x0, 0x5b, 0x0, 0x5b, 0x0, 0x5b, 0x6d, 0xda,

    /* U+005E "^" */
    0x0, 0x6f, 0x40, 0x0, 0xc, 0xda, 0x0, 0x2,
    0xf2, 0xf1, 0x0, 0x89, 0xb, 0x70, 0xe, 0x40,
    0x6d, 0x5, 0xe0, 0x0, 0xf3, 0xb8, 0x0, 0xa,
    0x90,

    /* U+005F "_" */
    0xcf, 0xff, 0xff, 0xff, 0xb0,

    /* U+0060 "`" */
    0x0, 0x0, 0x4c, 0x0, 0x2e, 0xa0, 0x2, 0xe8,
    0x0, 0x24,

    /* U+0061 "a" */
    0x0, 0x7c, 0xfd, 0x60, 0x7, 0xc6, 0x49, 0xf4,
    0x0, 0x0, 0x0, 0xf9, 0x0, 0x1, 0x57, 0xeb,
    0x1, 0xae, 0xa7, 0xdb, 0xb, 0xc0, 0x0, 0xbb,
    0xf, 0x70, 0x0, 0xcb, 0xd, 0xd4, 0x5c, 0xfb,
    0x3, 0xcf, 0xc4, 0x8b,

    /* U+0062 "b" */
    0x8e, 0x0, 0x0, 0x0, 0x8, 0xe0, 0x0, 0x0,
    0x0, 0x8e, 0x0, 0x0, 0x0, 0x8, 0xe0, 0x0,
    0x0, 0x0, 0x8e, 0x3b, 0xec, 0x50, 0x8, 0xfe,
    0x74, 0xaf, 0x50, 0x8f, 0x10, 0x0, 0xdc, 0x8,
    0xe0, 0x0, 0x8, 0xf0, 0x8e, 0x0, 0x0, 0x7f,
    0x8, 0xe0, 0x0, 0x9, 0xe0, 0x8f, 0x0, 0x0,
    0xea, 0x8, 0xfc, 0x55, 0xcf, 0x20, 0x8b, 0x5d,
    0xfb, 0x20, 0x0,

    /* U+0063 "c" */
    0x0, 0x2a, 0xee, 0x91, 0x2, 0xfc, 0x55, 0xb3,
    0xb, 0xe0, 0x0, 0x0, 0xf, 0x80, 0x0, 0x0,
    0x2f, 0x60, 0x0, 0x0, 0xf, 0x70, 0x0, 0x0,
    0xc, 0xd0, 0x0, 0x0, 0x3, 0xfc, 0x55, 0xb7,
    0x0, 0x3b, 0xee, 0x91,

    /* U+0064 "d" */
    0x0, 0x0, 0x0, 0xf, 0x70, 0x0, 0x0, 0x0,
    0xf7, 0x0, 0x0, 0x0, 0xf, 0x70, 0x0, 0x0,
    0x0, 0xf7, 0x0, 0x3b, 0xfd, 0x5f, 0x70, 0x3f,
    0xc5, 0x5c, 0xf7, 0xb, 0xd0, 0x0, 0xf, 0x70,
    0xf8, 0x0, 0x0, 0xf7, 0x1f, 0x60, 0x0, 0xf,
    0x70, 0xf7, 0x0, 0x0, 0xf7, 0xd, 0xc0, 0x0,
    0x2f, 0x70, 0x5f, 0xa4, 0x6e, 0xf7, 0x0, 0x5d,
    0xfb, 0x3c, 0x70,

    /* U+0065 "e" */
    0x0, 0x2b, 0xed, 0x70, 0x0, 0x2f, 0xa3, 0x5e,
    0x70, 0xb, 0xc0, 0x0, 0x6e, 0x0, 0xf6, 0x0,
    0x2, 0xf1, 0x2f, 0xfe, 0xee, 0xef, 0x20, 0xf7,
    0x11, 0x11, 0x10, 0xc, 0xb0, 0x0, 0x0, 0x0,
    0x2f, 0xa4, 0x36, 0x60, 0x0, 0x2b, 0xee, 0xb4,
    0x0,

    /* U+0066 "f" */
    0x0, 0x5d, 0xf7, 0x1, 0xfb, 0x32, 0x4, 0xf3,
    0x0, 0x4, 0xf2, 0x0, 0x7f, 0xff, 0xf0, 0x16,
    0xf5, 0x30, 0x4, 0xf2, 0x0, 0x4, 0xf2, 0x0,
    0x4, 0xf2, 0x0, 0x4, 0xf2, 0x0, 0x4, 0xf2,
    0x0, 0x4, 0xf2, 0x0, 0x4, 0xf2, 0x0,

    /* U+0067 "g" */
    0x0, 0x6d, 0xef, 0xff, 0xa0, 0x6e, 0x20, 0x5f,
    0x41, 0xc, 0x90, 0x0, 0xd7, 0x0, 0xba, 0x0,
    0xe, 0x70, 0x5, 0xf4, 0x7, 0xf2, 0x0, 0xe,
    0xcf, 0xc3, 0x0, 0x8, 0xa0, 0x0, 0x0, 0x0,
    0x9d, 0x43, 0x32, 0x0, 0x2, 0xfe, 0xff, 0xfe,
    0x30, 0xc7, 0x0, 0x3, 0xeb, 0x1f, 0x20, 0x0,
    0xc, 0xa0, 0xeb, 0x20, 0x29, 0xf2, 0x2, 0xae,
    0xfd, 0x92, 0x0,

    /* U+0068 "h" */
    0x8e, 0x0, 0x0, 0x0, 0x8e, 0x0, 0x0, 0x0,
    0x8e, 0x0, 0x0, 0x0, 0x8e, 0x0, 0x0, 0x0,
    0x8e, 0x1a, 0xed, 0x50, 0x8f, 0xd8, 0x5c, 0xf1,
    0x8f, 0x30, 0x3, 0xf5, 0x8e, 0x0, 0x1, 0xf6,
    0x8e, 0x0, 0x0, 0xf6, 0x8e, 0x0, 0x0, 0xf6,
    0x8e, 0x0, 0x0, 0xf6, 0x8e, 0x0, 0x0, 0xf6,
    0x8e, 0x0, 0x0, 0xf6,

    /* U+0069 "i" */
    0x8d, 0x7, 0xc0, 0x0, 0x0, 0x0, 0x8e, 0x8,
    0xe0, 0x8e, 0x8, 0xe0, 0x8e, 0x8, 0xe0, 0x8e,
    0x8, 0xe0, 0x8e, 0x0,

    /* U+006A "j" */
    0x0, 0x8d, 0x0, 0x7, 0xc0, 0x0, 0x0, 0x0,
    0x0, 0x0, 0x0, 0x8e, 0x0, 0x8, 0xe0, 0x0,
    0x8e, 0x0, 0x8, 0xe0, 0x0, 0x8e, 0x0, 0x8,
    0xe0, 0x0, 0x8e, 0x0, 0x8, 0xe0, 0x0, 0x8e,
    0x0, 0x8, 0xe0, 0x0, 0x9e, 0x2, 0x4d, 0xb0,
    0x8f, 0xc2, 0x0,

    /* U+006B "k" */
    0x8e, 0x0, 0x0, 0x0, 0x8e, 0x0, 0x0, 0x0,
    0x8e, 0x0, 0x0, 0x0, 0x8e, 0x0, 0x0, 0x0,
    0x8e, 0x0, 0xb, 0xd0, 0x8e, 0x0, 0x8f, 0x20,
    0x8e, 0x4, 0xf4, 0x0, 0x8e, 0x2e, 0x90, 0x0,
    0x8e, 0xde, 0xe0, 0x0, 0x8f, 0xc1, 0xe8, 0x0,
    0x8f, 0x10, 0x5f, 0x20, 0x8e, 0x0, 0xc, 0xc0,
    0x8e, 0x0, 0x3, 0xf5,

    /* U+006C "l" */
    0x8e, 0x8, 0xe0, 0x8e, 0x8, 0xe0, 0x8e, 0x8,
    0xe0, 0x8e, 0x8, 0xe0, 0x8e, 0x8, 0xe0, 0x8e,
    0x6, 0xf2, 0x2e, 0xb0,

    /* U+006D "m" */
    0x8b, 0x2a, 0xeb, 0x20, 0x8e, 0xd5, 0x8, 0xed,
    0x75, 0xed, 0xc9, 0x5b, 0xf1, 0x8f, 0x20, 0x6,
    0xf6, 0x0, 0x2f, 0x58, 0xe0, 0x0, 0x4f, 0x20,
    0x0, 0xf7, 0x8e, 0x0, 0x4, 0xf2, 0x0, 0xf,
    0x78, 0xe0, 0x0, 0x4f, 0x20, 0x0, 0xf7, 0x8e,
    0x0, 0x4, 0xf2, 0x0, 0xf, 0x78, 0xe0, 0x0,
    0x4f, 0x20, 0x0, 0xf7, 0x8e, 0x0, 0x4, 0xf2,
    0x0, 0xf, 0x70,

    /* U+006E "n" */
    0x8b, 0x1a, 0xed, 0x50, 0x8e, 0xd8, 0x5c, 0xf1,
    0x8f, 0x30, 0x3, 0xf5, 0x8e, 0x0, 0x1, 0xf6,
    0x8e, 0x0, 0x0, 0xf6, 0x8e, 0x0, 0x0, 0xf6,
    0x8e, 0x0, 0x0, 0xf6, 0x8e, 0x0, 0x0, 0xf6,
    0x8e, 0x0, 0x0, 0xf6,

    /* U+006F "o" */
    0x0, 0x2b, 0xed, 0x90, 0x0, 0x2f, 0xb5, 0x6e,
    0xc0, 0xb, 0xd0, 0x0, 0x2f, 0x60, 0xf7, 0x0,
    0x0, 0xca, 0x2f, 0x60, 0x0, 0xa, 0xd0, 0xf7,
    0x0, 0x0, 0xca, 0xc, 0xd0, 0x0, 0x2f, 0x60,
    0x2f, 0xb4, 0x5e, 0xd0, 0x0, 0x2b, 0xed, 0x90,
    0x0,

    /* U+0070 "p" */
    0x8b, 0x3b, 0xec, 0x50, 0x8, 0xfe, 0x74, 0xaf,
    0x50, 0x8f, 0x10, 0x0, 0xdc, 0x8, 0xe0, 0x0,
    0x8, 0xf0, 0x8e, 0x0, 0x0, 0x7f, 0x8, 0xe0,
    0x0, 0x9, 0xe0, 0x8f, 0x0, 0x0, 0xea, 0x8,
    0xfc, 0x55, 0xcf, 0x20, 0x8e, 0x5d, 0xfb, 0x20,
    0x8, 0xe0, 0x0, 0x0, 0x0, 0x8e, 0x0, 0x0,
    0x0, 0x8, 0xe0, 0x0, 0x0, 0x0, 0x8e, 0x0,
    0x0, 0x0, 0x0,

    /* U+0071 "q" */
    0x0, 0x3b, 0xfd, 0x7d, 0x70, 0x3f, 0x91, 0x2a,
    0xf7, 0xb, 0xc0, 0x0, 0xf, 0x70, 0xf7, 0x0,
    0x0, 0xf7, 0x1f, 0x60, 0x0, 0xf, 0x70, 0xf7,
    0x0, 0x0, 0xf7, 0xd, 0xd0, 0x0, 0x2f, 0x70,
    0x5f, 0xa4, 0x6e, 0xf7, 0x0, 0x5d, 0xfb, 0x3f,
    0x70, 0x0, 0x0, 0x0, 0xf7, 0x0, 0x0, 0x0,
    0xf, 0x70, 0x0, 0x0, 0x0, 0xf7, 0x0, 0x0,
    0x0, 0xf, 0x70,

    /* U+0072 "r" */
    0x8b, 0x2b, 0xe2, 0x8d, 0xc8, 0x60, 0x8f, 0x60,
    0x0, 0x8f, 0x0, 0x0, 0x8e, 0x0, 0x0, 0x8e,
    0x0, 0x0, 0x8e, 0x0, 0x0, 0x8e, 0x0, 0x0,
    0x8e, 0x0, 0x0,

    /* U+0073 "s" */
    0x1, 0xae, 0xea, 0x20, 0xcd, 0x43, 0x94, 0xf,
    0x70, 0x0, 0x0, 0xaf, 0x71, 0x0, 0x0, 0x6d,
    0xf8, 0x0, 0x0, 0x5, 0xe9, 0x0, 0x0, 0x9,
    0xd3, 0xe6, 0x35, 0xe9, 0x6, 0xcf, 0xe9, 0x0,

    /* U+0074 "t" */
    0x0, 0x71, 0x0, 0x1, 0xf2, 0x0, 0x2, 0xf2,
    0x0, 0x8f, 0xff, 0xf8, 0x16, 0xf5, 0x31, 0x4,
    0xf2, 0x0, 0x4, 0xf2, 0x0, 0x4, 0xf2, 0x0,
    0x4, 0xf2, 0x0, 0x3, 0xf4, 0x0, 0x1, 0xfb,
    0x43, 0x0, 0x5e, 0xe8,

    /* U+0075 "u" */
    0xac, 0x0, 0x3, 0xf3, 0xac, 0x0, 0x3, 0xf3,
    0xac, 0x0, 0x3, 0xf3, 0xac, 0x0, 0x3, 0xf3,
    0xac, 0x0, 0x3, 0xf3, 0xad, 0x0, 0x3, 0xf3,
    0x8e, 0x0, 0x7, 0xf3, 0x4f, 0x95, 0x9c, 0xf3,
    0x8, 0xed, 0x80, 0xf3,

    /* U+0076 "v" */
    0x9e, 0x0, 0x0, 0x7e, 0x4, 0xf3, 0x0, 0xc,
    0x90, 0xe, 0x80, 0x1, 0xf4, 0x0, 0x9d, 0x0,
    0x6e, 0x0, 0x3, 0xf2, 0xb, 0x90, 0x0, 0xe,
    0x71, 0xf4, 0x0, 0x0, 0x8c, 0x5e, 0x0, 0x0,
    0x2, 0xfc, 0x90, 0x0, 0x0, 0xd, 0xf3, 0x0,
    0x0,

    /* U+0077 "w" */
    0x6f, 0x0, 0x6, 0xf4, 0x0, 0x1f, 0x42, 0xf4,
    0x0, 0xae, 0x80, 0x5, 0xf0, 0xe, 0x80, 0xe,
    0x7d, 0x0, 0x9c, 0x0, 0xac, 0x2, 0xe1, 0xf1,
    0xd, 0x80, 0x5, 0xf0, 0x6b, 0xd, 0x51, 0xf3,
    0x0, 0x1f, 0x4a, 0x70, 0x99, 0x5f, 0x0, 0x0,
    0xd7, 0xe2, 0x5, 0xd8, 0xb0, 0x0, 0x8, 0xde,
    0x0, 0x1f, 0xd7, 0x0, 0x0, 0x4f, 0xa0, 0x0,
    0xdf, 0x30, 0x0,

    /* U+0078 "x" */
    0x3f, 0x50, 0x4, 0xf3, 0x9, 0xe0, 0xd, 0x90,
    0x1, 0xe8, 0x5e, 0x10, 0x0, 0x6f, 0xe6, 0x0,
    0x0, 0x1f, 0xf0, 0x0, 0x0, 0x9b, 0xe8, 0x0,
    0x3, 0xf2, 0x6f, 0x20, 0xd, 0x90, 0xc, 0xc0,
    0x7f, 0x10, 0x3, 0xf6,

    /* U+0079 "y" */
    0x9e, 0x0, 0x0, 0x7e, 0x3, 0xf3, 0x0, 0xc,
    0xa0, 0xd, 0x90, 0x1, 0xf4, 0x0, 0x7e, 0x0,
    0x6f, 0x0, 0x1, 0xf4, 0xb, 0xa0, 0x0, 0xb,
    0xa0, 0xf4, 0x0, 0x0, 0x4f, 0x4f, 0x0, 0x0,
    0x0, 0xed, 0xa0, 0x0, 0x0, 0x8, 0xf4, 0x0,
    0x0, 0x0, 0x6f, 0x0, 0x0, 0x0, 0xd, 0x90,
    0x0, 0x0, 0x49, 0xf1, 0x0, 0x0, 0x4f, 0xc3,
    0x0, 0x0, 0x0,

    /* U+007A "z" */
    0xe, 0xff, 0xff, 0xf0, 0x3, 0x33, 0x5f, 0x80,
    0x0, 0x0, 0xbd, 0x0, 0x0, 0x5, 0xf3, 0x0,
    0x0, 0x1e, 0x80, 0x0, 0x0, 0xad, 0x0, 0x0,
    0x5, 0xf4, 0x0, 0x0, 0x1e, 0xb3, 0x33, 0x30,
    0x6f, 0xff, 0xff, 0xf2,

    /* U+007B "{" */
    0x0, 0x6e, 0xc0, 0xe, 0x70, 0x0, 0xf3, 0x0,
    0xf, 0x30, 0x0, 0xe3, 0x0, 0xe, 0x40, 0x3,
    0xf1, 0x6, 0xf7, 0x0, 0x4, 0xf1, 0x0, 0xe,
    0x30, 0x0, 0xe4, 0x0, 0xf, 0x30, 0x0, 0xf3,
    0x0, 0xf, 0x30, 0x0, 0xd7, 0x0, 0x4, 0xdb,

    /* U+007C "|" */
    0x5a, 0x5a, 0x5a, 0x5a, 0x5a, 0x5a, 0x5a, 0x5a,
    0x5a, 0x5a, 0x5a, 0x5a, 0x5a, 0x5a, 0x5a, 0x5a,
    0x5a, 0x5a,

    /* U+007D "}" */
    0x6f, 0xb0, 0x0, 0x1f, 0x50, 0x0, 0xc6, 0x0,
    0xc, 0x60, 0x0, 0xd5, 0x0, 0xd, 0x40, 0x0,
    0xa9, 0x0, 0x1, 0xfc, 0x0, 0xaa, 0x0, 0xd,
    0x50, 0x0, 0xd5, 0x0, 0xd, 0x50, 0x0, 0xc6,
    0x0, 0xc, 0x60, 0x2, 0xf4, 0x6, 0xea, 0x0,

    /* U+007E "~" */
    0x3, 0xdc, 0x20, 0x4, 0x1, 0xe5, 0x7e, 0x33,
    0xe1, 0x16, 0x0, 0x5f, 0xf4, 0x0, 0x0, 0x0,
    0x0, 0x0,

    /* U+00B7 "·" */
    0x4, 0x40, 0x5f, 0xf5, 0x9f, 0xf9, 0x2c, 0xc2,

    /* U+2026 "…" */
    0x0, 0x0, 0x0, 0x0, 0x0, 0x0, 0x0, 0x3f,
    0x80, 0x0, 0xdd, 0x0, 0x8, 0xf3, 0x2e, 0x60,
    0x0, 0xbb, 0x0, 0x6, 0xe2,

    /* U+3002 "。" */
    0x3, 0xbd, 0x70, 0xd, 0x31, 0xa5, 0x2a, 0x0,
    0x49, 0xd, 0x10, 0x96, 0x4, 0xdd, 0x90,

    /* U+4E0A "上" */
    0x0, 0x0, 0x0, 0x2f, 0x10, 0x0, 0x0, 0x0,
    0x0, 0x0, 0x0, 0x2f, 0x10, 0x0, 0x0, 0x0,
    0x0, 0x0, 0x0, 0x2f, 0x10, 0x0, 0x0, 0x0,
    0x0, 0x0, 0x0, 0x2f, 0x10, 0x0, 0x0, 0x0,
    0x0, 0x0, 0x0, 0x2f, 0x43, 0x33, 0x33, 0x0,
    0x0, 0x0, 0x0, 0x2f, 0xff, 0xff, 0xff, 0x10,
    0x0, 0x0, 0x0, 0x2f, 0x10, 0x0, 0x0, 0x0,
    0x0, 0x0, 0x0, 0x2f, 0x10, 0x0, 0x0, 0x0,
    0x0, 0x0, 0x0, 0x2f, 0x10, 0x0, 0x0, 0x0,
    0x0, 0x0, 0x0, 0x2f, 0x10, 0x0, 0x0, 0x0,
    0x0, 0x0, 0x0, 0x2f, 0x10, 0x0, 0x0, 0x0,
    0x0, 0x0, 0x0, 0x2f, 0x10, 0x0, 0x0, 0x0,
    0x2e, 0xee, 0xee, 0xef, 0xee, 0xee, 0xee, 0xe2,
    0x4, 0x44, 0x44, 0x44, 0x44, 0x44, 0x44, 0x40,

    /* U+4E0D "不" */
    0x3, 0x44, 0x44, 0x44, 0x44, 0x44, 0x44, 0x30,
    0xe, 0xff, 0xff, 0xff, 0xff, 0xff, 0xff, 0xd0,
    0x0, 0x0, 0x0, 0x3, 0xf5, 0x0, 0x0, 0x0,
    0x0, 0x0, 0x0, 0xd, 0xc0, 0x0, 0x0, 0x0,
    0x0, 0x0, 0x0, 0xbf, 0x92, 0x10, 0x0, 0x0,
    0x0, 0x0, 0xa, 0xed, 0x9b, 0xe4, 0x0, 0x0,
    0x0, 0x1, 0xce, 0x2a, 0x90, 0x7f, 0x90, 0x0,
    0x0, 0x4e, 0xd1, 0xa, 0x90, 0x3, 0xec, 0x20,
    0x1a, 0xf8, 0x0, 0xa, 0x90, 0x0, 0x1c, 0xe1,
    0x9, 0x30, 0x0, 0xa, 0x90, 0x0, 0x0, 0x50,
    0x0, 0x0, 0x0, 0xa, 0x90, 0x0, 0x0, 0x0,
    0x0, 0x0, 0x0, 0xa, 0x90, 0x0, 0x0, 0x0,
    0x0, 0x0, 0x0, 0xa, 0x90, 0x0, 0x0, 0x0,
    0x0, 0x0, 0x0, 0xa, 0x90, 0x0, 0x0, 0x0,

    /* U+4E2D "中" */
    0x0, 0x0, 0x0, 0x5e, 0x0, 0x0, 0x0, 0x0,
    0x0, 0x0, 0x5e, 0x0, 0x0, 0x0, 0x15, 0x55,
    0x55, 0x9f, 0x55, 0x55, 0x54, 0x4f, 0xcc, 0xcc,
    0xef, 0xcc, 0xcc, 0xed, 0x4e, 0x0, 0x0, 0x5e,
    0x0, 0x0, 0x6d, 0x4e, 0x0, 0x0, 0x5e, 0x0,
    0x0, 0x6d, 0x4e, 0x0, 0x0, 0x5e, 0x0, 0x0,
    0x6d, 0x4e, 0x22, 0x22, 0x7e, 0x22, 0x22, 0x7d,
    0x4f, 0xff, 0xff, 0xff, 0xff, 0xff, 0xfd, 0x4e,
    0x0, 0x0, 0x5e, 0x0, 0x0, 0x6d, 0x13, 0x0,
    0x0, 0x5e, 0x0, 0x0, 0x12, 0x0, 0x0, 0x0,
    0x5e, 0x0, 0x0, 0x0, 0x0, 0x0, 0x0, 0x5e,
    0x0, 0x0, 0x0, 0x0, 0x0, 0x0, 0x5e, 0x0,
    0x0, 0x0,

    /* U+4EF6 "件" */
    0x0, 0x0, 0x0, 0x0, 0x0, 0x0, 0x0, 0x0,
    0x0, 0x0, 0xe3, 0x5, 0x5, 0xd0, 0x0, 0x0,
    0x0, 0x7, 0xd0, 0x5e, 0x5, 0xd0, 0x0, 0x0,
    0x0, 0xe, 0x50, 0x9b, 0x26, 0xe2, 0x22, 0x10,
    0x0, 0x6f, 0x0, 0xdf, 0xff, 0xff, 0xff, 0x80,
    0x1, 0xfe, 0x5, 0xe0, 0x5, 0xe0, 0x0, 0x0,
    0xc, 0xde, 0xc, 0x70, 0x5, 0xd0, 0x0, 0x0,
    0x3e, 0x4e, 0x5, 0x10, 0x5, 0xd0, 0x0, 0x0,
    0x1, 0x3e, 0x3, 0x33, 0x37, 0xe3, 0x33, 0x30,
    0x0, 0x3e, 0xd, 0xee, 0xef, 0xfe, 0xee, 0xe3,
    0x0, 0x3e, 0x0, 0x0, 0x5, 0xd0, 0x0, 0x0,
    0x0, 0x3e, 0x0, 0x0, 0x5, 0xd0, 0x0, 0x0,
    0x0, 0x3e, 0x0, 0x0, 0x5, 0xd0, 0x0, 0x0,
    0x0, 0x3e, 0x0, 0x0, 0x5, 0xd0, 0x0, 0x0,
    0x0, 0x3e, 0x0, 0x0, 0x5, 0xd0, 0x0, 0x0,

    /* U+4F20 "传" */
    0x0, 0x0, 0x54, 0x0, 0x4, 0x40, 0x0, 0x0,
    0x0, 0x0, 0xe5, 0x0, 0xb, 0x70, 0x0, 0x0,
    0x0, 0x7, 0xd1, 0xcc, 0xcf, 0xdc, 0xcc, 0xb0,
    0x0, 0xe, 0x60, 0x44, 0x8e, 0x44, 0x44, 0x40,
    0x0, 0x7f, 0x0, 0x0, 0x7b, 0x0, 0x0, 0x0,
    0x2, 0xfe, 0x5, 0x55, 0xcb, 0x55, 0x55, 0x53,
    0x1d, 0xee, 0xc, 0xcd, 0xfd, 0xcc, 0xcc, 0xc7,
    0x5d, 0x4e, 0x0, 0x5, 0xe0, 0x0, 0x0, 0x0,
    0x1, 0x3e, 0x0, 0xa, 0xc4, 0x44, 0x44, 0x10,
    0x0, 0x3e, 0x0, 0xb, 0xcc, 0xcc, 0xef, 0x60,
    0x0, 0x3e, 0x0, 0x0, 0x0, 0x2, 0xe7, 0x0,
    0x0, 0x3e, 0x0, 0x0, 0x63, 0x1d, 0x80, 0x0,
    0x0, 0x3e, 0x0, 0x0, 0x7f, 0xe8, 0x0, 0x0,
    0x0, 0x3e, 0x0, 0x0, 0x2, 0xcd, 0x20, 0x0,
    0x0, 0x3e, 0x0, 0x0, 0x0, 0x8, 0x90, 0x0,
    0x0, 0x0, 0x0, 0x0, 0x0, 0x0, 0x0, 0x0,

    /* U+4F4E "低" */
    0x0, 0x0, 0x20, 0x0, 0x0, 0x0, 0x2, 0x0,
    0x0, 0x1, 0xf4, 0x0, 0x3, 0x6a, 0xef, 0x40,
    0x0, 0x8, 0xc0, 0xad, 0xfe, 0xdd, 0x40, 0x0,
    0x0, 0xe, 0x50, 0xe6, 0x10, 0x5c, 0x0, 0x0,
    0x0, 0x7f, 0x0, 0xe3, 0x0, 0x5d, 0x0, 0x0,
    0x2, 0xfe, 0x0, 0xe3, 0x0, 0x4e, 0x0, 0x0,
    0xd, 0xde, 0x0, 0xe5, 0x22, 0x5f, 0x22, 0x20,
    0x5d, 0x4e, 0x0, 0xef, 0xff, 0xff, 0xff, 0xf4,
    0x2, 0x3e, 0x0, 0xe3, 0x0, 0xf, 0x20, 0x0,
    0x0, 0x3e, 0x0, 0xe3, 0x0, 0xd, 0x50, 0x0,
    0x0, 0x3e, 0x0, 0xe3, 0x0, 0xa, 0x80, 0x0,
    0x0, 0x3e, 0x0, 0xe3, 0x3, 0x26, 0xc0, 0x32,
    0x0, 0x3e, 0x0, 0xe3, 0x4, 0xc1, 0xf2, 0x86,
    0x0, 0x3e, 0x1, 0xfb, 0xd7, 0xc4, 0x9d, 0xd3,
    0x0, 0x3e, 0x5, 0xd7, 0x30, 0x45, 0x1a, 0xa0,
    0x0, 0x0, 0x0, 0x0, 0x0, 0x0, 0x0, 0x0,

    /* U+4F4F "住" */
    0x0, 0x0, 0x10, 0x0, 0x3, 0x0, 0x0, 0x0,
    0x0, 0x0, 0xd6, 0x0, 0x1f, 0x40, 0x0, 0x0,
    0x0, 0x6, 0xf0, 0x0, 0x8, 0xd0, 0x0, 0x0,
    0x0, 0xd, 0x81, 0x22, 0x24, 0xa3, 0x22, 0x20,
    0x0, 0x7f, 0x2a, 0xff, 0xff, 0xff, 0xff, 0xf1,
    0x3, 0xff, 0x0, 0x0, 0x6, 0xc0, 0x0, 0x0,
    0x2e, 0xcf, 0x0, 0x0, 0x6, 0xc0, 0x0, 0x0,
    0x1a, 0x2f, 0x0, 0x0, 0x6, 0xc0, 0x0, 0x0,
    0x0, 0x2f, 0x1, 0xdd, 0xde, 0xfd, 0xdd, 0x70,
    0x0, 0x2f, 0x0, 0x44, 0x49, 0xd4, 0x44, 0x20,
    0x0, 0x2f, 0x0, 0x0, 0x6, 0xc0, 0x0, 0x0,
    0x0, 0x2f, 0x0, 0x0, 0x6, 0xc0, 0x0, 0x0,
    0x0, 0x2f, 0x0, 0x0, 0x6, 0xc0, 0x0, 0x0,
    0x0, 0x2f, 0x13, 0x33, 0x38, 0xd3, 0x33, 0x31,
    0x0, 0x2f, 0x1e, 0xee, 0xee, 0xee, 0xee, 0xe4,

    /* U+50A8 "储" */
    0x0, 0x0, 0x0, 0x0, 0x0, 0x0, 0x0, 0x0,
    0x0, 0x1e, 0x22, 0x0, 0x2, 0xf0, 0x3, 0x70,
    0x0, 0x7a, 0x5e, 0x33, 0xdd, 0xfd, 0xbd, 0x60,
    0x0, 0xd5, 0x7, 0xb0, 0x25, 0xf2, 0xac, 0x0,
    0x4, 0xf2, 0x0, 0x0, 0x2, 0xf2, 0xf3, 0x0,
    0xd, 0xf3, 0x33, 0x5, 0x79, 0xfc, 0xe7, 0x70,
    0x7e, 0xf8, 0xff, 0x37, 0xaa, 0xfd, 0xaa, 0xa0,
    0x64, 0xe2, 0xd, 0x30, 0xb, 0xb0, 0x0, 0x0,
    0x0, 0xe2, 0xd, 0x34, 0xef, 0xff, 0xff, 0x50,
    0x0, 0xe2, 0xd, 0x4d, 0xad, 0x0, 0xb, 0x50,
    0x0, 0xe2, 0xd, 0x30, 0x3c, 0x0, 0xb, 0x50,
    0x0, 0xe2, 0xd, 0x30, 0x3f, 0xee, 0xef, 0x50,
    0x0, 0xe2, 0xe, 0xac, 0x4c, 0x0, 0xb, 0x50,
    0x0, 0xe2, 0x3f, 0x91, 0x3f, 0xcc, 0xcf, 0x50,
    0x0, 0xe2, 0x3, 0x0, 0x3d, 0x22, 0x2b, 0x50,
    0x0, 0x0, 0x0, 0x0, 0x0, 0x0, 0x0, 0x0,

    /* U+5173 "关" */
    0x0, 0x0, 0x10, 0x0, 0x0, 0x3, 0x0, 0x0,
    0x0, 0x2, 0xf3, 0x0, 0x0, 0x1f, 0x60, 0x0,
    0x0, 0x0, 0x9c, 0x0, 0x0, 0x8c, 0x0, 0x0,
    0x0, 0x0, 0x1c, 0x10, 0x2, 0xf3, 0x0, 0x0,
    0x0, 0xef, 0xff, 0xff, 0xff, 0xff, 0xff, 0x10,
    0x0, 0x22, 0x22, 0x2b, 0xc2, 0x22, 0x22, 0x0,
    0x0, 0x0, 0x0, 0x9, 0xb0, 0x0, 0x0, 0x0,
    0x0, 0x0, 0x0, 0xa, 0xb0, 0x0, 0x0, 0x0,
    0xe, 0xff, 0xff, 0xff, 0xff, 0xff, 0xff, 0xf0,
    0x2, 0x33, 0x33, 0x4f, 0xf6, 0x33, 0x33, 0x30,
    0x0, 0x0, 0x0, 0x8f, 0x9d, 0x0, 0x0, 0x0,
    0x0, 0x0, 0x6, 0xf6, 0xd, 0xb0, 0x0, 0x0,
    0x0, 0x0, 0x9f, 0x80, 0x1, 0xdc, 0x30, 0x0,
    0x1, 0x8e, 0xe5, 0x0, 0x0, 0x1b, 0xfa, 0x40,
    0xe, 0xe7, 0x10, 0x0, 0x0, 0x0, 0x5c, 0xe1,
    0x1, 0x0, 0x0, 0x0, 0x0, 0x0, 0x0, 0x0,

    /* U+5217 "列" */
    0xf, 0xff, 0xff, 0xff, 0xf2, 0x0, 0x4, 0xe0,
    0x22, 0x9b, 0x22, 0x22, 0xb, 0x30, 0x4e, 0x0,
    0xd, 0x60, 0x0, 0x0, 0xe4, 0x4, 0xe0, 0x2,
    0xf7, 0x55, 0x63, 0xe, 0x40, 0x4e, 0x0, 0x7e,
    0xbb, 0xbe, 0x70, 0xe4, 0x4, 0xe0, 0xe, 0x50,
    0x0, 0xd3, 0xe, 0x40, 0x4e, 0x7, 0xd0, 0x0,
    0x1f, 0x0, 0xe4, 0x4, 0xe0, 0xe4, 0xb5, 0x7,
    0xb0, 0xe, 0x40, 0x4e, 0x1, 0x5, 0xf9, 0xe4,
    0x0, 0xe4, 0x4, 0xe0, 0x0, 0x3, 0xec, 0x0,
    0xe, 0x40, 0x4e, 0x0, 0x0, 0x4f, 0x40, 0x0,
    0x20, 0x4, 0xe0, 0x0, 0x3f, 0x60, 0x0, 0x0,
    0x0, 0x4e, 0x1, 0x9f, 0x70, 0x0, 0x0, 0x2,
    0x27, 0xe0, 0x7d, 0x30, 0x0, 0x0, 0x0, 0xbf,
    0xe8, 0x0, 0x0, 0x0, 0x0, 0x0, 0x0, 0x0,
    0x0,

    /* U+5220 "删" */
    0x0, 0xff, 0xf7, 0x6f, 0xff, 0x10, 0x1, 0xe0,
    0xf, 0x9, 0x76, 0x90, 0xf1, 0x67, 0x1e, 0x0,
    0xf0, 0x87, 0x69, 0xe, 0x16, 0x81, 0xe0, 0xf,
    0x8, 0x76, 0x90, 0xe1, 0x68, 0x1e, 0x0, 0xf0,
    0x87, 0x69, 0xe, 0x16, 0x81, 0xe0, 0x7f, 0x6b,
    0xaa, 0xc6, 0xf6, 0x68, 0x1e, 0xb, 0xfa, 0xdd,
    0xdd, 0xaf, 0xa6, 0x81, 0xe0, 0x1f, 0x8, 0x77,
    0x80, 0xe1, 0x68, 0x1e, 0x1, 0xe0, 0x87, 0x77,
    0xe, 0x16, 0x81, 0xe0, 0x2d, 0x8, 0x78, 0x70,
    0xe1, 0x68, 0x1e, 0x3, 0xc0, 0x87, 0x96, 0xe,
    0x11, 0x11, 0xe0, 0x69, 0x8, 0x7c, 0x30, 0xe1,
    0x0, 0x1e, 0xb, 0x53, 0xa8, 0xf1, 0x3f, 0x10,
    0x3, 0xe0, 0xc0, 0xbb, 0x59, 0x3d, 0x90, 0xd,
    0xf9, 0x0, 0x0, 0x0, 0x0, 0x0, 0x0, 0x0,
    0x0,

    /* U+53D1 "发" */
    0x0, 0x0, 0x0, 0x7, 0x40, 0x2, 0x0, 0x0,
    0x0, 0xa, 0xa0, 0xf, 0x60, 0xd, 0x80, 0x0,
    0x0, 0xf, 0x40, 0x2f, 0x30, 0x2, 0xe6, 0x0,
    0x0, 0x6d, 0x0, 0x5f, 0x0, 0x0, 0x32, 0x0,
    0x0, 0xff, 0xff, 0xff, 0xff, 0xff, 0xff, 0xd0,
    0x0, 0x43, 0x33, 0xe9, 0x33, 0x33, 0x33, 0x20,
    0x0, 0x0, 0x4, 0xf3, 0x0, 0x0, 0x0, 0x0,
    0x0, 0x0, 0xa, 0xff, 0xff, 0xff, 0xf4, 0x0,
    0x0, 0x0, 0x3f, 0xf4, 0x22, 0x27, 0xe0, 0x0,
    0x0, 0x0, 0xcc, 0x9a, 0x0, 0xd, 0x70, 0x0,
    0x0, 0x9, 0xe1, 0xc, 0x70, 0xad, 0x0, 0x0,
    0x0, 0x8f, 0x50, 0x1, 0xec, 0xe1, 0x0, 0x0,
    0x1b, 0xe4, 0x0, 0x3, 0xdf, 0xc2, 0x0, 0x0,
    0x2c, 0x20, 0x4, 0xaf, 0x82, 0x9f, 0xa5, 0x0,
    0x0, 0x0, 0xde, 0x82, 0x0, 0x3, 0x9e, 0xf2,
    0x0, 0x0, 0x10, 0x0, 0x0, 0x0, 0x0, 0x20,

    /* U+53D6 "取" */
    0x3f, 0xff, 0xff, 0xff, 0x0, 0x0, 0x0, 0x0,
    0x3, 0xf1, 0x16, 0xd1, 0xcd, 0xdd, 0xdd, 0xa0,
    0x2, 0xf0, 0x4, 0xd0, 0x4f, 0x44, 0x4a, 0x90,
    0x2, 0xf2, 0x26, 0xd0, 0xd, 0x30, 0xa, 0x60,
    0x2, 0xfe, 0xee, 0xd0, 0xa, 0x60, 0xe, 0x30,
    0x2, 0xf0, 0x4, 0xd0, 0x6, 0x90, 0x2f, 0x0,
    0x2, 0xf0, 0x4, 0xd0, 0x3, 0xe0, 0x7b, 0x0,
    0x2, 0xff, 0xff, 0xd0, 0x0, 0xd4, 0xd4, 0x0,
    0x2, 0xf0, 0x5, 0xd0, 0x0, 0x7d, 0xd0, 0x0,
    0x2, 0xf0, 0x4, 0xe3, 0x10, 0x1f, 0x70, 0x0,
    0x16, 0xf9, 0xbe, 0xfc, 0x20, 0x8f, 0xc0, 0x0,
    0x3c, 0xa7, 0x46, 0xd0, 0x6, 0xf3, 0xd9, 0x0,
    0x0, 0x0, 0x4, 0xd0, 0x8f, 0x40, 0x2e, 0xb1,
    0x0, 0x0, 0x4, 0xd1, 0xc3, 0x0, 0x1, 0xb2,
    0x0, 0x0, 0x0, 0x0, 0x0, 0x0, 0x0, 0x0,

    /* U+540C "同" */
    0xcf, 0xff, 0xff, 0xff, 0xff, 0xff, 0xf4, 0xc7,
    0x22, 0x22, 0x22, 0x22, 0x22, 0xe4, 0xc5, 0x0,
    0x0, 0x0, 0x0, 0x0, 0xe4, 0xc5, 0x3f, 0xff,
    0xff, 0xff, 0xe0, 0xe4, 0xc5, 0x1, 0x11, 0x11,
    0x11, 0x10, 0xe4, 0xc5, 0x0, 0x11, 0x11, 0x11,
    0x0, 0xe4, 0xc5, 0x6, 0xff, 0xff, 0xff, 0x0,
    0xe4, 0xc5, 0x6, 0xb0, 0x0, 0xf, 0x0, 0xe4,
    0xc5, 0x6, 0xb0, 0x0, 0xf, 0x0, 0xe4, 0xc5,
    0x6, 0xb0, 0x0, 0x1f, 0x0, 0xe4, 0xc5, 0x6,
    0xff, 0xff, 0xff, 0x0, 0xe4, 0xc5, 0x6, 0xb0,
    0x0, 0x0, 0x0, 0xe4, 0xc5, 0x1, 0x20, 0x0,
    0x0, 0x23, 0xf3, 0xc5, 0x0, 0x0, 0x0, 0x1,
    0xff, 0xb0,

    /* U+5426 "否" */
    0xe, 0xff, 0xff, 0xff, 0xff, 0xff, 0xff, 0xe0,
    0x2, 0x22, 0x22, 0x27, 0xf7, 0x22, 0x22, 0x20,
    0x0, 0x0, 0x0, 0x7f, 0xa0, 0x20, 0x0, 0x0,
    0x0, 0x0, 0x2c, 0xed, 0x95, 0xfa, 0x20, 0x0,
    0x0, 0x4b, 0xf9, 0x19, 0x90, 0x29, 0xf9, 0x10,
    0x2d, 0xfb, 0x30, 0x9, 0x90, 0x0, 0x2c, 0xe1,
    0x7, 0x20, 0x0, 0x9, 0x90, 0x0, 0x0, 0x40,
    0x0, 0x0, 0x0, 0x2, 0x20, 0x0, 0x0, 0x0,
    0x0, 0x2f, 0xff, 0xff, 0xff, 0xff, 0xf4, 0x0,
    0x0, 0x2f, 0x21, 0x11, 0x11, 0x11, 0xf4, 0x0,
    0x0, 0x2f, 0x0, 0x0, 0x0, 0x0, 0xf4, 0x0,
    0x0, 0x2f, 0x0, 0x0, 0x0, 0x0, 0xf4, 0x0,
    0x0, 0x2f, 0xcc, 0xcc, 0xcc, 0xcc, 0xf4, 0x0,
    0x0, 0x2f, 0x54, 0x44, 0x44, 0x44, 0xf4, 0x0,

    /* U+56DE "回" */
    0xef, 0xff, 0xff, 0xff, 0xff, 0xff, 0xf5, 0xe7,
    0x33, 0x33, 0x33, 0x33, 0x33, 0xf5, 0xe5, 0x0,
    0x0, 0x0, 0x0, 0x0, 0xe5, 0xe5, 0x0, 0x11,
    0x11, 0x11, 0x0, 0xe5, 0xe5, 0x3, 0xff, 0xff,
    0xfe, 0x0, 0xe5, 0xe5, 0x3, 0xe0, 0x0, 0x4e,
    0x0, 0xe5, 0xe5, 0x3, 0xe0, 0x0, 0x4e, 0x0,
    0xe5, 0xe5, 0x3, 0xe0, 0x0, 0x4e, 0x0, 0xe5,
    0xe5, 0x3, 0xe1, 0x11, 0x5e, 0x0, 0xe5, 0xe5,
    0x3, 0xff, 0xff, 0xfe, 0x0, 0xe5, 0xe5, 0x0,
    0x0, 0x0, 0x0, 0x0, 0xe5, 0xe5, 0x0, 0x0,
    0x0, 0x0, 0x0, 0xe5, 0xef, 0xff, 0xff, 0xff,
    0xff, 0xff, 0xf5, 0xe7, 0x22, 0x22, 0x22, 0x22,
    0x22, 0xe5,

    /* U+56FA "固" */
    0x5f, 0xff, 0xff, 0xff, 0xff, 0xff, 0xfe, 0x5d,
    0x11, 0x11, 0x11, 0x11, 0x11, 0x6e, 0x5d, 0x0,
    0x0, 0x2a, 0x0, 0x0, 0x5e, 0x5d, 0x0, 0x0,
    0x4e, 0x0, 0x0, 0x5e, 0x5d, 0x2f, 0xff, 0xff,
    0xff, 0xfd, 0x5e, 0x5d, 0x0, 0x0, 0x3e, 0x0,
    0x0, 0x5e, 0x5d, 0x0, 0x0, 0x3e, 0x0, 0x0,
    0x5e, 0x5d, 0x1, 0xfe, 0xee, 0xef, 0xe0, 0x5e,
    0x5d, 0x1, 0xf0, 0x0, 0x3, 0xe0, 0x5e, 0x5d,
    0x1, 0xf0, 0x0, 0x3, 0xe0, 0x5e, 0x5d, 0x1,
    0xfe, 0xee, 0xef, 0xe0, 0x5e, 0x5d, 0x0, 0x0,
    0x0, 0x0, 0x0, 0x5e, 0x5e, 0x55, 0x55, 0x55,
    0x55, 0x55, 0x8e, 0x5f, 0xcc, 0xcc, 0xcc, 0xcc,
    0xcc, 0xde,

    /* U+58A8 "墨" */
    0x0, 0x6e, 0xcc, 0xce, 0xec, 0xcc, 0xe7, 0x0,
    0x0, 0x6a, 0x28, 0x9, 0x80, 0xb1, 0xa7, 0x0,
    0x0, 0x6a, 0xc, 0x19, 0x85, 0x90, 0xa7, 0x0,
    0x0, 0x6e, 0xaa, 0xad, 0xda, 0xba, 0xe7, 0x0,
    0x0, 0x12, 0x22, 0x2a, 0x92, 0x22, 0x21, 0x0,
    0x0, 0x9e, 0xee, 0xef, 0xfe, 0xee, 0xea, 0x0,
    0x0, 0x0, 0x0, 0xa, 0x80, 0x0, 0x0, 0x0,
    0xe, 0xee, 0xee, 0xef, 0xfe, 0xee, 0xee, 0xe1,
    0x0, 0x39, 0x4, 0x70, 0x2b, 0x0, 0xb5, 0x0,
    0x2, 0xd5, 0x3, 0xe3, 0x2c, 0x50, 0x2e, 0x40,
    0x7, 0x63, 0x33, 0x5b, 0xa4, 0x33, 0x36, 0x40,
    0x0, 0x3a, 0xaa, 0xae, 0xda, 0xaa, 0xa4, 0x0,
    0x0, 0x0, 0x0, 0xa, 0x90, 0x0, 0x0, 0x0,
    0x1e, 0xee, 0xee, 0xee, 0xee, 0xee, 0xee, 0xe2,

    /* U+5931 "失" */
    0x0, 0x5, 0xa0, 0xb, 0x80, 0x0, 0x0, 0x0,
    0x0, 0xc, 0x80, 0xb, 0x80, 0x0, 0x0, 0x0,
    0x0, 0x2f, 0xed, 0xdf, 0xed, 0xdd, 0xdb, 0x0,
    0x0, 0xba, 0x55, 0x5c, 0xb5, 0x55, 0x54, 0x0,
    0x6, 0xe1, 0x0, 0xb, 0x80, 0x0, 0x0, 0x0,
    0xa, 0x60, 0x0, 0xc, 0x70, 0x0, 0x0, 0x0,
    0x3, 0x33, 0x33, 0x3d, 0x93, 0x33, 0x33, 0x30,
    0x2f, 0xff, 0xff, 0xff, 0xff, 0xff, 0xff, 0xf2,
    0x0, 0x0, 0x0, 0x6f, 0xe5, 0x0, 0x0, 0x0,
    0x0, 0x0, 0x0, 0xd9, 0x6e, 0x0, 0x0, 0x0,
    0x0, 0x0, 0xb, 0xe1, 0xd, 0xb0, 0x0, 0x0,
    0x0, 0x1, 0xcf, 0x30, 0x1, 0xeb, 0x10, 0x0,
    0x1, 0x8f, 0xc2, 0x0, 0x0, 0x2c, 0xf8, 0x20,
    0x1f, 0xd6, 0x0, 0x0, 0x0, 0x0, 0x6d, 0xf3,
    0x2, 0x0, 0x0, 0x0, 0x0, 0x0, 0x0, 0x20,

    /* U+59CB "始" */
    0x0, 0x14, 0x0, 0x0, 0x2, 0x40, 0x0, 0x0,
    0x0, 0x4d, 0x0, 0x0, 0xa, 0xc0, 0x0, 0x0,
    0x0, 0x7a, 0x0, 0x0, 0x2f, 0x30, 0x0, 0x0,
    0x2, 0xa9, 0x22, 0x0, 0x9b, 0x2, 0xe1, 0x0,
    0x4f, 0xff, 0xff, 0x23, 0xf2, 0x0, 0xaa, 0x0,
    0x0, 0xf1, 0xf, 0xc, 0x70, 0x1, 0x3f, 0x40,
    0x3, 0xe0, 0x2e, 0x9f, 0xef, 0xff, 0xfe, 0xc0,
    0x6, 0xa0, 0x5c, 0x36, 0x43, 0x10, 0x0, 0xc1,
    0xb, 0x60, 0x89, 0x1, 0x22, 0x22, 0x22, 0x0,
    0xb, 0xd2, 0xd4, 0xd, 0xff, 0xff, 0xff, 0x40,
    0x0, 0x9f, 0xf0, 0xd, 0x40, 0x0, 0xe, 0x40,
    0x0, 0xb, 0xf4, 0xd, 0x40, 0x0, 0xe, 0x40,
    0x0, 0x4e, 0x7f, 0x3d, 0x40, 0x0, 0xe, 0x40,
    0x3, 0xe4, 0x7, 0x1d, 0x74, 0x44, 0x4e, 0x40,
    0x1c, 0x30, 0x0, 0xd, 0xdc, 0xcc, 0xcf, 0x40,

    /* U+5B57 "字" */
    0x0, 0x0, 0x0, 0x91, 0x0, 0x0, 0x0, 0x0,
    0x0, 0x0, 0xba, 0x0, 0x0, 0x0, 0xbf, 0xff,
    0xff, 0xff, 0xff, 0xff, 0xfa, 0xb9, 0x33, 0x33,
    0x33, 0x33, 0x33, 0xaa, 0xb7, 0x0, 0x0, 0x0,
    0x0, 0x0, 0x8a, 0x42, 0x4f, 0xff, 0xff, 0xff,
    0xe2, 0x33, 0x0, 0x2, 0x22, 0x22, 0x8f, 0x60,
    0x0, 0x0, 0x0, 0x0, 0x19, 0xd3, 0x0, 0x0,
    0x0, 0x0, 0x0, 0xab, 0x0, 0x0, 0x0, 0xef,
    0xff, 0xff, 0xff, 0xff, 0xff, 0xfc, 0x23, 0x33,
    0x33, 0xbb, 0x33, 0x33, 0x32, 0x0, 0x0, 0x0,
    0xa9, 0x0, 0x0, 0x0, 0x0, 0x0, 0x0, 0xa9,
    0x0, 0x0, 0x0, 0x0, 0x1, 0x22, 0xb9, 0x0,
    0x0, 0x0, 0x0, 0x1, 0xff, 0xd4, 0x0, 0x0,
    0x0,

    /* U+5B58 "存" */
    0x0, 0x0, 0x0, 0x20, 0x0, 0x0, 0x0, 0x0,
    0x0, 0x0, 0x1, 0xf3, 0x0, 0x0, 0x0, 0x0,
    0x3, 0x33, 0x38, 0xf3, 0x33, 0x33, 0x33, 0x30,
    0xf, 0xff, 0xff, 0xff, 0xff, 0xff, 0xff, 0xf0,
    0x0, 0x0, 0x5e, 0x10, 0x0, 0x0, 0x0, 0x0,
    0x0, 0x0, 0xe6, 0x2, 0x22, 0x22, 0x22, 0x0,
    0x0, 0x9, 0xd0, 0x3e, 0xee, 0xee, 0xfe, 0x10,
    0x0, 0x6f, 0x50, 0x0, 0x0, 0x9, 0xd2, 0x0,
    0x6, 0xff, 0x30, 0x0, 0x1, 0xda, 0x0, 0x0,
    0x4f, 0x7f, 0x31, 0x22, 0x25, 0xf2, 0x22, 0x20,
    0x4, 0xf, 0x39, 0xff, 0xff, 0xff, 0xff, 0xf4,
    0x0, 0xf, 0x30, 0x0, 0x2, 0xf0, 0x0, 0x0,
    0x0, 0xf, 0x30, 0x0, 0x2, 0xf0, 0x0, 0x0,
    0x0, 0xf, 0x30, 0x1, 0x14, 0xf0, 0x0, 0x0,
    0x0, 0xf, 0x30, 0x9, 0xff, 0xa0, 0x0, 0x0,

    /* U+5DF2 "已" */
    0xbf, 0xff, 0xff, 0xff, 0xff, 0xff, 0x0, 0x2,
    0x33, 0x33, 0x33, 0x33, 0x36, 0xf0, 0x0, 0x0,
    0x0, 0x0, 0x0, 0x0, 0x4f, 0x0, 0x0, 0x72,
    0x0, 0x0, 0x0, 0x4, 0xf0, 0x0, 0xd, 0x50,
    0x0, 0x0, 0x0, 0x4f, 0x0, 0x0, 0xd5, 0x0,
    0x0, 0x0, 0x4, 0xf0, 0x0, 0xd, 0xff, 0xff,
    0xff, 0xff, 0xff, 0x0, 0x0, 0xd6, 0x22, 0x22,
    0x22, 0x23, 0x60, 0x0, 0xd, 0x50, 0x0, 0x0,
    0x0, 0x0, 0x0, 0x0, 0xd5, 0x0, 0x0, 0x0,
    0x0, 0x3, 0x70, 0xd, 0x50, 0x0, 0x0, 0x0,
    0x0, 0x5e, 0x0, 0xd5, 0x0, 0x0, 0x0, 0x0,
    0x8, 0xc0, 0xb, 0xb4, 0x32, 0x22, 0x22, 0x35,
    0xf6, 0x0, 0x2c, 0xef, 0xff, 0xff, 0xff, 0xe8,
    0x0,

    /* U+5F00 "开" */
    0x9, 0xff, 0xff, 0xff, 0xff, 0xff, 0xff, 0xa0,
    0x1, 0x22, 0x6e, 0x22, 0x22, 0xaa, 0x22, 0x10,
    0x0, 0x0, 0x4e, 0x0, 0x0, 0x99, 0x0, 0x0,
    0x0, 0x0, 0x4e, 0x0, 0x0, 0x99, 0x0, 0x0,
    0x0, 0x0, 0x4e, 0x0, 0x0, 0x99, 0x0, 0x0,
    0x0, 0x0, 0x5e, 0x0, 0x0, 0x99, 0x0, 0x0,
    0x2e, 0xee, 0xef, 0xee, 0xee, 0xff, 0xee, 0xe2,
    0x3, 0x33, 0x9d, 0x33, 0x33, 0xbb, 0x33, 0x30,
    0x0, 0x0, 0xaa, 0x0, 0x0, 0x99, 0x0, 0x0,
    0x0, 0x0, 0xe6, 0x0, 0x0, 0x99, 0x0, 0x0,
    0x0, 0x7, 0xf0, 0x0, 0x0, 0x99, 0x0, 0x0,
    0x0, 0x3f, 0x60, 0x0, 0x0, 0x99, 0x0, 0x0,
    0x5, 0xfa, 0x0, 0x0, 0x0, 0x99, 0x0, 0x0,
    0xb, 0x80, 0x0, 0x0, 0x0, 0x99, 0x0, 0x0,
    0x0, 0x0, 0x0, 0x0, 0x0, 0x0, 0x0, 0x0,

    /* U+5F55 "录" */
    0x0, 0x0, 0x0, 0x0, 0x0, 0x0, 0x0, 0x0,
    0xdf, 0xff, 0xff, 0xff, 0xff, 0xf2, 0x0, 0x1,
    0x22, 0x22, 0x22, 0x22, 0x4f, 0x10, 0x0, 0x0,
    0x0, 0x0, 0x0, 0x3, 0xf1, 0x0, 0x5, 0xff,
    0xff, 0xff, 0xff, 0xff, 0x0, 0x0, 0x2, 0x22,
    0x22, 0x22, 0x26, 0xf0, 0x0, 0x22, 0x22, 0x22,
    0x22, 0x22, 0x7e, 0x22, 0xd, 0xee, 0xee, 0xef,
    0xfe, 0xee, 0xee, 0xe0, 0x4, 0x50, 0x0, 0x9b,
    0x0, 0x5, 0x50, 0x0, 0x4d, 0xc2, 0x9, 0xf6,
    0x9, 0xe4, 0x0, 0x0, 0x8, 0x81, 0xcc, 0xed,
    0xa1, 0x0, 0x0, 0x0, 0x5b, 0xfe, 0x93, 0xe6,
    0x0, 0x0, 0x39, 0xec, 0x60, 0x99, 0x3, 0xec,
    0x40, 0x7, 0x93, 0x0, 0xb, 0x90, 0x0, 0x8e,
    0xd0, 0x0, 0x0, 0xdf, 0xe4, 0x0, 0x0, 0x2,
    0x0,

    /* U+5F85 "待" */
    0x0, 0x0, 0x0, 0x0, 0x0, 0x0, 0x0, 0x0,
    0x0, 0x8, 0xb0, 0x0, 0x7, 0xb0, 0x0, 0x0,
    0x0, 0x6e, 0x20, 0x22, 0x28, 0xc2, 0x22, 0x0,
    0x8, 0xe3, 0x0, 0xff, 0xff, 0xff, 0xff, 0x60,
    0x1c, 0x20, 0x80, 0x0, 0x7, 0xb0, 0x0, 0x0,
    0x0, 0x9, 0xc2, 0x22, 0x28, 0xc2, 0x22, 0x20,
    0x0, 0x5f, 0x3e, 0xff, 0xff, 0xff, 0xff, 0xf3,
    0x5, 0xff, 0x10, 0x0, 0x0, 0x3, 0xf0, 0x0,
    0x4f, 0x8f, 0x11, 0x22, 0x22, 0x25, 0xf2, 0x20,
    0x17, 0xf, 0x1b, 0xff, 0xff, 0xff, 0xff, 0xf1,
    0x0, 0xf, 0x10, 0x26, 0x0, 0x3, 0xf0, 0x0,
    0x0, 0xf, 0x10, 0x1d, 0x70, 0x3, 0xf0, 0x0,
    0x0, 0xf, 0x10, 0x3, 0xf2, 0x3, 0xf0, 0x0,
    0x0, 0xf, 0x10, 0x0, 0x31, 0x25, 0xf0, 0x0,
    0x0, 0xf, 0x10, 0x0, 0x6, 0xff, 0x90, 0x0,
    0x0, 0x0, 0x0, 0x0, 0x0, 0x0, 0x0, 0x0,

    /* U+6309 "按" */
    0x0, 0x0, 0x0, 0x0, 0x0, 0x0, 0x0, 0x0,
    0x0, 0xf, 0x20, 0x0, 0x2, 0xf1, 0x0, 0x0,
    0x0, 0xf, 0x20, 0x23, 0x33, 0xe7, 0x33, 0x30,
    0x2, 0x2f, 0x52, 0xad, 0xbb, 0xbb, 0xbb, 0xf3,
    0x1f, 0xff, 0xfe, 0xa7, 0x5, 0x50, 0x0, 0xe3,
    0x0, 0xf, 0x20, 0x75, 0xd, 0x60, 0x0, 0xa2,
    0x0, 0xf, 0x20, 0x22, 0x4f, 0x32, 0x22, 0x21,
    0x0, 0xf, 0x21, 0xff, 0xff, 0xff, 0xff, 0xf6,
    0x0, 0xf, 0xad, 0x21, 0xf3, 0x0, 0xa9, 0x0,
    0x2b, 0xff, 0x93, 0x9, 0xc0, 0x0, 0xf4, 0x0,
    0x17, 0x2f, 0x20, 0xd, 0xd4, 0x7, 0xd0, 0x0,
    0x0, 0xf, 0x20, 0x0, 0x6e, 0xcf, 0x40, 0x0,
    0x0, 0xf, 0x20, 0x0, 0x6, 0xff, 0xa2, 0x0,
    0x0, 0x1f, 0x20, 0x27, 0xdd, 0x31, 0xaf, 0x70,
    0xa, 0xfc, 0x0, 0xbb, 0x50, 0x0, 0x5, 0xd1,
    0x0, 0x0, 0x0, 0x0, 0x0, 0x0, 0x0, 0x0,

    /* U+6392 "排" */
    0x0, 0xf, 0x10, 0x0, 0x2e, 0x4, 0xc0, 0x0,
    0x0, 0xf, 0x10, 0x0, 0x2f, 0x4, 0xd0, 0x0,
    0x2, 0x3f, 0x32, 0x59, 0xaf, 0x4, 0xf9, 0x94,
    0x1f, 0xff, 0xfc, 0x36, 0x8f, 0x4, 0xe6, 0x63,
    0x0, 0xf, 0x10, 0x0, 0x2f, 0x4, 0xd0, 0x0,
    0x0, 0xf, 0x10, 0x12, 0x4f, 0x4, 0xe2, 0x20,
    0x0, 0xf, 0x10, 0x7e, 0xef, 0x4, 0xfe, 0xe4,
    0x1, 0x5f, 0xde, 0x0, 0x2f, 0x4, 0xd0, 0x0,
    0x2f, 0xcf, 0x40, 0x0, 0x3f, 0x4, 0xd0, 0x0,
    0x1, 0xf, 0x10, 0xdf, 0xff, 0x4, 0xff, 0xfa,
    0x0, 0xf, 0x10, 0x0, 0x3f, 0x4, 0xd1, 0x11,
    0x0, 0xf, 0x10, 0x0, 0x2f, 0x4, 0xd0, 0x0,
    0x1, 0x2f, 0x10, 0x0, 0x2f, 0x4, 0xd0, 0x0,
    0x9, 0xfb, 0x0, 0x0, 0x2f, 0x4, 0xd0, 0x0,
    0x0, 0x0, 0x0, 0x0, 0x0, 0x0, 0x0, 0x0,

    /* U+63A5 "接" */
    0x0, 0xa7, 0x0, 0x0, 0xb, 0x40, 0x0, 0x0,
    0x0, 0xa7, 0x0, 0x88, 0x8c, 0xd8, 0x88, 0x50,
    0x12, 0xb9, 0x20, 0x6a, 0x76, 0x66, 0xc7, 0x30,
    0x8f, 0xff, 0xf1, 0x8, 0xa0, 0x6, 0xd0, 0x0,
    0x0, 0xa7, 0x0, 0x1, 0xc1, 0x1e, 0x30, 0x0,
    0x0, 0xa7, 0xa, 0xff, 0xff, 0xff, 0xff, 0xf0,
    0x0, 0xa7, 0x20, 0x0, 0x3c, 0x0, 0x0, 0x0,
    0x3, 0xcf, 0xf1, 0x11, 0xaa, 0x11, 0x11, 0x10,
    0x9f, 0xfa, 0x1c, 0xff, 0xff, 0xff, 0xff, 0xf3,
    0x20, 0xa7, 0x0, 0xd, 0x60, 0x3, 0xf0, 0x0,
    0x0, 0xa7, 0x0, 0x8f, 0x72, 0xc, 0x80, 0x0,
    0x0, 0xa7, 0x0, 0x3, 0x8e, 0xee, 0x10, 0x0,
    0x2, 0xb7, 0x1, 0x47, 0xcd, 0x7b, 0xf8, 0x10,
    0x1f, 0xe3, 0xc, 0xc8, 0x40, 0x0, 0x3c, 0x60,
    0x0, 0x0, 0x0, 0x0, 0x0, 0x0, 0x0, 0x0,

    /* U+6587 "文" */
    0x0, 0x0, 0x0, 0x9, 0x20, 0x0, 0x0, 0x0,
    0x0, 0x0, 0x0, 0xc, 0xb0, 0x0, 0x0, 0x0,
    0x0, 0x0, 0x0, 0x4, 0xe1, 0x0, 0x0, 0x0,
    0x2d, 0xdd, 0xdd, 0xdd, 0xdd, 0xdd, 0xdd, 0xd3,
    0x15, 0x5b, 0xd5, 0x55, 0x55, 0x5d, 0xb5, 0x51,
    0x0, 0x2, 0xf2, 0x0, 0x0, 0x2f, 0x30, 0x0,
    0x0, 0x0, 0xaa, 0x0, 0x0, 0xab, 0x0, 0x0,
    0x0, 0x0, 0x2f, 0x40, 0x3, 0xf3, 0x0, 0x0,
    0x0, 0x0, 0x7, 0xe2, 0x1e, 0x80, 0x0, 0x0,
    0x0, 0x0, 0x0, 0xad, 0xbc, 0x0, 0x0, 0x0,
    0x0, 0x0, 0x0, 0x2f, 0xf3, 0x0, 0x0, 0x0,
    0x0, 0x0, 0x5, 0xec, 0xcf, 0x60, 0x0, 0x0,
    0x0, 0x3, 0xbf, 0x70, 0x7, 0xfb, 0x40, 0x0,
    0x17, 0xdf, 0xb2, 0x0, 0x0, 0x2b, 0xfe, 0x81,
    0x1d, 0x82, 0x0, 0x0, 0x0, 0x0, 0x18, 0xc1,
    0x0, 0x0, 0x0, 0x0, 0x0, 0x0, 0x0, 0x0,

    /* U+662F "是" */
    0x0, 0x5f, 0xee, 0xee, 0xee, 0xee, 0xf5, 0x0,
    0x0, 0x5c, 0x0, 0x0, 0x0, 0x0, 0xe5, 0x0,
    0x0, 0x5f, 0xcc, 0xcc, 0xcc, 0xcc, 0xf5, 0x0,
    0x0, 0x5c, 0x0, 0x0, 0x0, 0x0, 0xe5, 0x0,
    0x0, 0x5c, 0x22, 0x22, 0x22, 0x22, 0xe5, 0x0,
    0x0, 0x4b, 0xbb, 0xbb, 0xbb, 0xbb, 0xb3, 0x0,
    0x2, 0x22, 0x22, 0x22, 0x22, 0x22, 0x22, 0x20,
    0xe, 0xee, 0xee, 0xef, 0xfe, 0xee, 0xee, 0xe1,
    0x0, 0x3, 0x60, 0x7, 0xb0, 0x0, 0x0, 0x0,
    0x0, 0xb, 0xa0, 0x7, 0xd4, 0x44, 0x44, 0x0,
    0x0, 0x1f, 0xb0, 0x7, 0xeb, 0xbb, 0xbb, 0x0,
    0x0, 0x8d, 0xe8, 0x7, 0xb0, 0x0, 0x0, 0x0,
    0x7, 0xf4, 0x2e, 0xdb, 0xc2, 0x21, 0x11, 0x20,
    0x2f, 0x60, 0x0, 0x7b, 0xef, 0xff, 0xff, 0xf2,
    0x2, 0x0, 0x0, 0x0, 0x0, 0x0, 0x0, 0x0,

    /* U+672A "未" */
    0x0, 0x0, 0x0, 0xa, 0x90, 0x0, 0x0, 0x0,
    0x0, 0x0, 0x0, 0xa, 0x90, 0x0, 0x0, 0x0,
    0x0, 0xdf, 0xff, 0xff, 0xff, 0xff, 0xff, 0x0,
    0x0, 0x33, 0x33, 0x3b, 0xb3, 0x33, 0x33, 0x0,
    0x0, 0x0, 0x0, 0xa, 0x90, 0x0, 0x0, 0x0,
    0x0, 0x0, 0x0, 0xa, 0x90, 0x0, 0x0, 0x0,
    0xf, 0xff, 0xff, 0xff, 0xff, 0xff, 0xff, 0xf1,
    0x3, 0x33, 0x33, 0xbf, 0xfb, 0x33, 0x33, 0x30,
    0x0, 0x0, 0x6, 0xec, 0xbe, 0x60, 0x0, 0x0,
    0x0, 0x0, 0x7e, 0x2a, 0x92, 0xe7, 0x0, 0x0,
    0x0, 0xa, 0xe2, 0xa, 0x90, 0x2e, 0xa0, 0x0,
    0x5, 0xec, 0x20, 0xa, 0x90, 0x2, 0xde, 0x50,
    0x2e, 0x70, 0x0, 0xa, 0x90, 0x0, 0x8, 0xe2,
    0x0, 0x0, 0x0, 0xa, 0x90, 0x0, 0x0, 0x0,

    /* U+672C "本" */
    0x0, 0x0, 0x0, 0xa, 0x90, 0x0, 0x0, 0x0,
    0x0, 0x0, 0x0, 0xa, 0x90, 0x0, 0x0, 0x0,
    0x0, 0x0, 0x0, 0xa, 0xa0, 0x0, 0x0, 0x0,
    0xf, 0xff, 0xff, 0xff, 0xff, 0xff, 0xff, 0xf0,
    0x2, 0x22, 0x27, 0xeb, 0xbf, 0x62, 0x22, 0x20,
    0x0, 0x0, 0xc, 0x7a, 0x98, 0xb0, 0x0, 0x0,
    0x0, 0x0, 0x6e, 0xa, 0x91, 0xf5, 0x0, 0x0,
    0x0, 0x2, 0xf5, 0xa, 0x90, 0x6e, 0x10, 0x0,
    0x0, 0x1d, 0xa0, 0xa, 0x90, 0xb, 0xd1, 0x0,
    0x1, 0xcc, 0x0, 0xa, 0x90, 0x0, 0xdc, 0x10,
    0x2e, 0xc7, 0xff, 0xff, 0xff, 0xff, 0x6c, 0xe2,
    0x6, 0x1, 0x33, 0x3b, 0xb3, 0x33, 0x10, 0x60,
    0x0, 0x0, 0x0, 0xa, 0x90, 0x0, 0x0, 0x0,
    0x0, 0x0, 0x0, 0xa, 0x90, 0x0, 0x0, 0x0,

    /* U+673A "机" */
    0x0, 0x8, 0xa0, 0x0, 0xff, 0xff, 0xf4, 0x0,
    0x0, 0x8, 0xa0, 0x0, 0xf3, 0x22, 0xe4, 0x0,
    0x0, 0x8, 0xa0, 0x0, 0xf1, 0x0, 0xe4, 0x0,
    0x2f, 0xff, 0xff, 0xf1, 0xf1, 0x0, 0xe4, 0x0,
    0x2, 0x2d, 0xb2, 0x20, 0xf1, 0x0, 0xe4, 0x0,
    0x0, 0x2f, 0xb0, 0x0, 0xf1, 0x0, 0xe4, 0x0,
    0x0, 0x8f, 0xf8, 0x1, 0xf0, 0x0, 0xe4, 0x0,
    0x0, 0xe9, 0xbd, 0x72, 0xf0, 0x0, 0xe4, 0x0,
    0x7, 0x98, 0xa2, 0xc4, 0xd0, 0x0, 0xe4, 0x0,
    0x2e, 0x28, 0xa0, 0x7, 0xa0, 0x0, 0xe4, 0x0,
    0x57, 0x8, 0xa0, 0xc, 0x60, 0x0, 0xe4, 0x38,
    0x0, 0x8, 0xa0, 0x2f, 0x10, 0x0, 0xe4, 0x4a,
    0x0, 0x8, 0xa0, 0xc8, 0x0, 0x0, 0xe6, 0x79,
    0x0, 0x8, 0xa2, 0xb0, 0x0, 0x0, 0x8f, 0xe4,
    0x0, 0x0, 0x0, 0x0, 0x0, 0x0, 0x0, 0x0,

    /* U+675F "束" */
    0x0, 0x0, 0x0, 0x8, 0xa0, 0x0, 0x0, 0x0,
    0xa, 0xff, 0xff, 0xff, 0xff, 0xff, 0xff, 0xe0,
    0x2, 0x22, 0x22, 0x2a, 0xb2, 0x22, 0x22, 0x20,
    0x0, 0x0, 0x0, 0x8, 0xa0, 0x0, 0x0, 0x0,
    0x0, 0x8f, 0xff, 0xff, 0xff, 0xff, 0xfc, 0x0,
    0x0, 0x99, 0x11, 0x19, 0xb1, 0x11, 0x7d, 0x0,
    0x0, 0x98, 0x0, 0x8, 0xa0, 0x0, 0x6d, 0x0,
    0x0, 0x99, 0x11, 0x19, 0xb1, 0x11, 0x7d, 0x0,
    0x0, 0x8f, 0xff, 0xff, 0xff, 0xff, 0xfc, 0x0,
    0x0, 0x0, 0x0, 0xbf, 0xfd, 0x20, 0x0, 0x0,
    0x0, 0x0, 0x3d, 0x88, 0xa5, 0xe5, 0x0, 0x0,
    0x0, 0x3a, 0xf5, 0x8, 0xa0, 0x3e, 0xc5, 0x0,
    0xb, 0xf8, 0x10, 0x8, 0xa0, 0x0, 0x7e, 0xd3,
    0x4, 0x10, 0x0, 0x8, 0xa0, 0x0, 0x0, 0x50,

    /* U+6761 "条" */
    0x0, 0x0, 0x2, 0x50, 0x0, 0x0, 0x0, 0x0,
    0x0, 0x0, 0xd, 0xa0, 0x0, 0x0, 0x0, 0x0,
    0x0, 0x0, 0xcf, 0xff, 0xff, 0xfe, 0x10, 0x0,
    0x0, 0x2d, 0xfb, 0x11, 0x13, 0xe7, 0x0, 0x0,
    0x8, 0xf7, 0x1b, 0xb1, 0x4e, 0x80, 0x0, 0x0,
    0x3, 0x20, 0x0, 0xbf, 0xf6, 0x0, 0x0, 0x0,
    0x0, 0x3, 0x8e, 0xd7, 0xaf, 0xc6, 0x20, 0x0,
    0x5d, 0xfe, 0xa4, 0x6, 0x21, 0x6b, 0xef, 0xc0,
    0x15, 0x10, 0x0, 0xd, 0x50, 0x0, 0x2, 0x30,
    0x0, 0xbc, 0xcc, 0xcf, 0xec, 0xcc, 0xc5, 0x0,
    0x0, 0x34, 0x44, 0x4e, 0x84, 0x44, 0x41, 0x0,
    0x0, 0x2, 0xe3, 0xd, 0x50, 0xd7, 0x0, 0x0,
    0x0, 0x3e, 0x60, 0xd, 0x50, 0x2e, 0x80, 0x0,
    0x5, 0xf6, 0x0, 0xd, 0x50, 0x2, 0xe7, 0x0,
    0x0, 0x30, 0x4, 0xfe, 0x20, 0x0, 0x31, 0x0,

    /* U+6B65 "步" */
    0x0, 0x0, 0x0, 0x7, 0xc0, 0x0, 0x0, 0x0,
    0x0, 0x98, 0x0, 0x7f, 0xff, 0xff, 0x80, 0x0,
    0xa, 0x80, 0x7, 0xd2, 0x22, 0x21, 0x0, 0x0,
    0xa8, 0x0, 0x7c, 0x0, 0x0, 0x0, 0x5, 0x5c,
    0xb5, 0x5a, 0xe5, 0x55, 0x55, 0x50, 0xcc, 0xcc,
    0xcc, 0xef, 0xcc, 0xcc, 0xcc, 0x0, 0x0, 0x43,
    0x8, 0xb0, 0x0, 0x20, 0x0, 0x0, 0x2f, 0x50,
    0x8b, 0x0, 0x1e, 0x70, 0x0, 0x1d, 0x90, 0x8,
    0xb0, 0xa, 0xc0, 0x0, 0x2e, 0xb0, 0x0, 0x8b,
    0x9, 0xf2, 0x0, 0x2, 0x90, 0x0, 0x7, 0xbc,
    0xd2, 0x0, 0x0, 0x0, 0x0, 0x3, 0xaf, 0xa0,
    0x0, 0x0, 0x0, 0x14, 0x8c, 0xfa, 0x40, 0x0,
    0x0, 0x0, 0xdf, 0xfb, 0x71, 0x0, 0x0, 0x0,
    0x0, 0x4, 0x20, 0x0, 0x0, 0x0, 0x0, 0x0,
    0x0,

    /* U+6D6E "浮" */
    0x0, 0x0, 0x0, 0x0, 0x0, 0x0, 0x0, 0x0,
    0x3a, 0x10, 0x0, 0x13, 0x46, 0x8b, 0xe5, 0x1,
    0xaf, 0x78, 0xfe, 0xdc, 0xa8, 0x63, 0x0, 0x0,
    0x57, 0x6, 0x1, 0xa0, 0x1, 0xe1, 0x0, 0x0,
    0x0, 0xe4, 0xe, 0x30, 0x8b, 0x0, 0x0, 0x0,
    0x7, 0xb0, 0xa8, 0xe, 0x30, 0x2f, 0x80, 0x0,
    0x28, 0x3, 0x32, 0x80, 0x0, 0x4d, 0xd0, 0x2f,
    0xff, 0xff, 0xff, 0x70, 0x0, 0x4, 0x0, 0x22,
    0x22, 0x3c, 0xc1, 0x0, 0x0, 0x0, 0x0, 0x0,
    0x2d, 0xa0, 0x0, 0x0, 0x6, 0x51, 0x11, 0x19,
    0xb1, 0x11, 0x10, 0x0, 0xe6, 0xff, 0xff, 0xff,
    0xff, 0xff, 0x0, 0x7d, 0x0, 0x0, 0x8, 0x90,
    0x0, 0x0, 0x1e, 0x50, 0x0, 0x0, 0x89, 0x0,
    0x0, 0x9, 0xc0, 0x0, 0x0, 0x9, 0x90, 0x0,
    0x0, 0x63, 0x0, 0x0, 0x8f, 0xe5, 0x0, 0x0,

    /* U+6D88 "消" */
    0x4, 0x92, 0x1, 0x50, 0x4, 0xe0, 0x1, 0x60,
    0x0, 0x8f, 0x61, 0xe6, 0x4, 0xe0, 0xa, 0xb0,
    0x0, 0x3, 0x30, 0x4f, 0x14, 0xe0, 0x4f, 0x20,
    0x0, 0x0, 0x0, 0x5, 0x4, 0xe0, 0x23, 0x0,
    0x2d, 0x60, 0x0, 0xef, 0xff, 0xff, 0xff, 0x80,
    0x5, 0xeb, 0x0, 0xe6, 0x22, 0x22, 0x2b, 0x80,
    0x0, 0x17, 0x0, 0xe4, 0x0, 0x0, 0xa, 0x80,
    0x0, 0x0, 0x0, 0xef, 0xff, 0xff, 0xff, 0x80,
    0x0, 0x4, 0x40, 0xe4, 0x0, 0x0, 0xa, 0x80,
    0x0, 0xd, 0x70, 0xe4, 0x11, 0x11, 0x1a, 0x80,
    0x0, 0x5e, 0x0, 0xef, 0xff, 0xff, 0xff, 0x80,
    0x0, 0xe7, 0x0, 0xe3, 0x0, 0x0, 0x9, 0x80,
    0x8, 0xd0, 0x0, 0xe3, 0x0, 0x3, 0x3b, 0x80,
    0x5, 0x40, 0x0, 0xe3, 0x0, 0xc, 0xec, 0x30,

    /* U+6E05 "清" */
    0x5, 0x70, 0x0, 0x0, 0xe, 0x40, 0x0, 0x0,
    0x2, 0xbe, 0x3e, 0xee, 0xef, 0xfe, 0xee, 0x70,
    0x0, 0x6, 0x0, 0x0, 0xe, 0x40, 0x0, 0x0,
    0x0, 0x0, 0x8, 0xdd, 0xdf, 0xed, 0xdd, 0x10,
    0x27, 0x0, 0x0, 0x0, 0xe, 0x40, 0x0, 0x0,
    0x2c, 0xe4, 0x8e, 0xee, 0xee, 0xee, 0xee, 0xe1,
    0x0, 0x76, 0x1, 0x22, 0x22, 0x22, 0x22, 0x0,
    0x0, 0x0, 0x5, 0xfb, 0xbb, 0xbb, 0xdb, 0x0,
    0x0, 0x5, 0x5, 0xc0, 0x0, 0x0, 0x7b, 0x0,
    0x0, 0x2f, 0x25, 0xfd, 0xdd, 0xdd, 0xeb, 0x0,
    0x0, 0x9b, 0x5, 0xc0, 0x0, 0x0, 0x6b, 0x0,
    0x2, 0xf3, 0x5, 0xfe, 0xee, 0xee, 0xfb, 0x0,
    0xb, 0xb0, 0x5, 0xc0, 0x0, 0x1, 0x8b, 0x0,
    0x7, 0x20, 0x5, 0xc0, 0x0, 0x5f, 0xe6, 0x0,

    /* U+7248 "版" */
    0x1, 0xf0, 0x2e, 0x0, 0x56, 0x79, 0xad, 0xd1,
    0x1, 0xf0, 0x2e, 0x0, 0xf9, 0x75, 0x41, 0x0,
    0x1, 0xf0, 0x2e, 0x0, 0xf1, 0x0, 0x0, 0x0,
    0x1, 0xf2, 0x5e, 0x21, 0xf1, 0x0, 0x0, 0x0,
    0x1, 0xfe, 0xee, 0xe4, 0xff, 0xff, 0xff, 0xe0,
    0x1, 0xf0, 0x0, 0x0, 0xf9, 0x92, 0x26, 0xc0,
    0x1, 0xf0, 0x0, 0x1, 0xf4, 0xc0, 0x8, 0x90,
    0x2, 0xfd, 0xdd, 0x42, 0xf0, 0xe1, 0xd, 0x50,
    0x3, 0xe3, 0x3c, 0x53, 0xe0, 0x98, 0x4e, 0x0,
    0x4, 0xc0, 0xb, 0x54, 0xd0, 0x2e, 0xc7, 0x0,
    0x6, 0xa0, 0xb, 0x56, 0xc0, 0xb, 0xf0, 0x0,
    0xa, 0x70, 0xb, 0x5a, 0x80, 0x5f, 0xf7, 0x0,
    0xe, 0x20, 0xb, 0x6f, 0x49, 0xf4, 0x3f, 0x91,
    0x1a, 0x0, 0xb, 0x8b, 0x4c, 0x30, 0x2, 0xc4,
    0x0, 0x0, 0x0, 0x0, 0x0, 0x0, 0x0, 0x0,

    /* U+7535 "电" */
    0x0, 0x0, 0xe, 0x50, 0x0, 0x0, 0x0, 0x11,
    0x11, 0x1e, 0x61, 0x11, 0x11, 0x0, 0xff, 0xff,
    0xff, 0xff, 0xff, 0xfe, 0x0, 0xf4, 0x0, 0xe,
    0x60, 0x0, 0x5e, 0x0, 0xf4, 0x0, 0xe, 0x50,
    0x0, 0x4e, 0x0, 0xfe, 0xdd, 0xdf, 0xed, 0xdd,
    0xee, 0x0, 0xf7, 0x33, 0x3f, 0x83, 0x33, 0x7e,
    0x0, 0xf4, 0x0, 0xe, 0x50, 0x0, 0x4e, 0x0,
    0xf6, 0x33, 0x3f, 0x73, 0x33, 0x7e, 0x0, 0xff,
    0xff, 0xff, 0xff, 0xff, 0xfe, 0x0, 0xe3, 0x0,
    0xe, 0x50, 0x0, 0x0, 0x82, 0x0, 0x0, 0xe,
    0x50, 0x0, 0x0, 0xd5, 0x0, 0x0, 0xd, 0xa3,
    0x33, 0x36, 0xf2, 0x0, 0x0, 0x5, 0xef, 0xff,
    0xfe, 0x80,

    /* U+7A7A "空" */
    0x0, 0x0, 0x0, 0x20, 0x0, 0x0, 0x0, 0x0,
    0x0, 0x4, 0xf2, 0x0, 0x0, 0x0, 0x34, 0x44,
    0x44, 0xeb, 0x44, 0x44, 0x43, 0xed, 0xdd, 0xdd,
    0xdd, 0xdd, 0xdd, 0xee, 0xe4, 0x0, 0x0, 0x0,
    0x0, 0x0, 0x5e, 0xe4, 0x3, 0xd6, 0x0, 0xdb,
    0x30, 0x5d, 0x52, 0x8f, 0x70, 0x0, 0x8, 0xfb,
    0x20, 0x6f, 0xc3, 0x0, 0x0, 0x0, 0x19, 0xf6,
    0x36, 0x44, 0x44, 0x44, 0x44, 0x44, 0x41, 0x3,
    0xcc, 0xcc, 0xfe, 0xcc, 0xcc, 0x30, 0x0, 0x0,
    0x0, 0xe5, 0x0, 0x0, 0x0, 0x0, 0x0, 0x0,
    0xe5, 0x0, 0x0, 0x0, 0x0, 0x0, 0x0, 0xe5,
    0x0, 0x0, 0x0, 0x22, 0x22, 0x22, 0xe6, 0x22,
    0x22, 0x22, 0xdf, 0xff, 0xff, 0xff, 0xff, 0xff,
    0xfd,

    /* U+7ED3 "结" */
    0x0, 0x9, 0x60, 0x0, 0x0, 0xc6, 0x0, 0x0,
    0x0, 0x2f, 0x30, 0x13, 0x33, 0xd8, 0x33, 0x30,
    0x0, 0xaa, 0x0, 0x7f, 0xff, 0xff, 0xff, 0xf1,
    0x4, 0xe1, 0x1c, 0x20, 0x0, 0xc6, 0x0, 0x0,
    0x2e, 0xa6, 0xcc, 0x0, 0x0, 0xc6, 0x0, 0x0,
    0x4c, 0xad, 0xf2, 0x1d, 0xdd, 0xfe, 0xdd, 0xb0,
    0x0, 0x3f, 0x50, 0x4, 0x44, 0x44, 0x44, 0x30,
    0x1, 0xd7, 0x1, 0x10, 0x0, 0x0, 0x0, 0x0,
    0x1d, 0xfc, 0xff, 0x5a, 0xff, 0xff, 0xff, 0x60,
    0x2d, 0x96, 0x30, 0xa, 0x81, 0x11, 0x1d, 0x60,
    0x0, 0x0, 0x0, 0xa, 0x70, 0x0, 0xc, 0x60,
    0x0, 0x14, 0x7b, 0x5a, 0x70, 0x0, 0xc, 0x60,
    0x4e, 0xff, 0xc8, 0x2a, 0xa4, 0x44, 0x4d, 0x60,
    0x27, 0x30, 0x0, 0xa, 0xec, 0xcc, 0xce, 0x60,

    /* U+7F51 "网" */
    0x5f, 0xff, 0xff, 0xff, 0xff, 0xff, 0xfe, 0x5d,
    0x22, 0x22, 0x22, 0x22, 0x22, 0x6e, 0x5d, 0x0,
    0x4, 0x70, 0x0, 0x82, 0x4e, 0x5d, 0x33, 0x9,
    0x86, 0x0, 0xf1, 0x4e, 0x5d, 0x4e, 0x1c, 0x4a,
    0xa3, 0xe0, 0x4e, 0x5d, 0x8, 0xcf, 0x10, 0xdb,
    0xa0, 0x4e, 0x5d, 0x0, 0xcd, 0x0, 0x3f, 0x70,
    0x4e, 0x5d, 0x0, 0xaf, 0x20, 0x1f, 0xb0, 0x4e,
    0x5d, 0x2, 0xf8, 0xc0, 0x8b, 0xe5, 0x4e, 0x5d,
    0xa, 0x90, 0xc3, 0xe3, 0x6d, 0x4e, 0x5d, 0x6e,
    0x10, 0xc, 0xa0, 0x5, 0x4e, 0x5d, 0xa4, 0x0,
    0x3d, 0x0, 0x0, 0x4e, 0x5d, 0x0, 0x0, 0x0,
    0x0, 0x22, 0x7e, 0x5d, 0x0, 0x0, 0x0, 0x0,
    0xdf, 0xe7,

    /* U+7F6E "置" */
    0x2, 0xfd, 0xde, 0xfd, 0xdf, 0xed, 0xdf, 0x50,
    0x2, 0xf0, 0x6, 0xa0, 0xa, 0x60, 0xd, 0x50,
    0x2, 0xfc, 0xbd, 0xeb, 0xbe, 0xdb, 0xbf, 0x50,
    0x0, 0x22, 0x22, 0x2d, 0x72, 0x22, 0x22, 0x0,
    0xc, 0xdd, 0xdd, 0xdf, 0xed, 0xdd, 0xdd, 0xa0,
    0x2, 0x22, 0x22, 0x3f, 0x32, 0x22, 0x22, 0x10,
    0x0, 0xc, 0xdc, 0xdf, 0xcc, 0xcd, 0xc0, 0x0,
    0x0, 0xf, 0x20, 0x0, 0x0, 0x3, 0xe0, 0x0,
    0x0, 0xf, 0xcb, 0xbb, 0xbb, 0xbc, 0xe0, 0x0,
    0x0, 0xf, 0x86, 0x66, 0x66, 0x68, 0xe0, 0x0,
    0x0, 0xf, 0x64, 0x44, 0x44, 0x47, 0xe0, 0x0,
    0x0, 0xf, 0xcb, 0xbb, 0xbb, 0xbc, 0xe0, 0x0,
    0x0, 0xf, 0x20, 0x0, 0x0, 0x3, 0xe0, 0x0,
    0x1e, 0xef, 0xee, 0xee, 0xee, 0xee, 0xfe, 0xe1,

    /* U+8BB0 "记" */
    0x0, 0xb3, 0x0, 0x13, 0x33, 0x33, 0x33, 0x0,
    0x0, 0x7f, 0x30, 0x7f, 0xff, 0xff, 0xff, 0x0,
    0x0, 0x7, 0xd0, 0x0, 0x0, 0x0, 0x2f, 0x0,
    0x0, 0x0, 0x10, 0x0, 0x0, 0x0, 0x2f, 0x0,
    0x36, 0x66, 0x10, 0x0, 0x0, 0x0, 0x2f, 0x0,
    0x5b, 0xbf, 0x40, 0x1, 0x11, 0x11, 0x3f, 0x0,
    0x0, 0xe, 0x40, 0x3f, 0xff, 0xff, 0xff, 0x0,
    0x0, 0xe, 0x40, 0x3f, 0x11, 0x11, 0x3f, 0x0,
    0x0, 0xe, 0x40, 0x3f, 0x0, 0x0, 0x0, 0x0,
    0x0, 0xe, 0x40, 0x3f, 0x0, 0x0, 0x0, 0x0,
    0x0, 0xe, 0x44, 0x3f, 0x0, 0x0, 0x0, 0x90,
    0x0, 0xf, 0xce, 0x5f, 0x0, 0x0, 0x1, 0xf1,
    0x0, 0x4f, 0xb1, 0x2f, 0x52, 0x22, 0x28, 0xe0,
    0x0, 0x57, 0x0, 0xa, 0xff, 0xff, 0xfe, 0x50,

    /* U+8BBE "设" */
    0x0, 0x10, 0x0, 0x0, 0x0, 0x0, 0x0, 0x0,
    0x0, 0xc9, 0x0, 0x2, 0xff, 0xff, 0xf0, 0x0,
    0x0, 0x2e, 0x80, 0x2, 0xf1, 0x14, 0xf0, 0x0,
    0x0, 0x3, 0xd0, 0x3, 0xe0, 0x2, 0xf0, 0x0,
    0x0, 0x0, 0x0, 0x7, 0xb0, 0x2, 0xf0, 0x0,
    0x13, 0x33, 0x0, 0x2f, 0x40, 0x2, 0xf5, 0x50,
    0x4f, 0xff, 0x14, 0xf7, 0x0, 0x0, 0x8b, 0xb1,
    0x0, 0xf, 0x10, 0x62, 0x22, 0x22, 0x22, 0x0,
    0x0, 0xf, 0x10, 0xdf, 0xff, 0xff, 0xff, 0x30,
    0x0, 0xf, 0x10, 0xe, 0x30, 0x0, 0x7b, 0x0,
    0x0, 0xf, 0x10, 0x6, 0xd0, 0x2, 0xf4, 0x0,
    0x0, 0xf, 0x14, 0x0, 0xbb, 0x2d, 0x70, 0x0,
    0x0, 0x1f, 0xae, 0x20, 0xd, 0xfa, 0x0, 0x0,
    0x0, 0x5f, 0xb1, 0x3, 0xbf, 0xbf, 0x91, 0x0,
    0x0, 0x98, 0x4, 0xef, 0x91, 0x4, 0xcf, 0xd2,
    0x0, 0x0, 0x0, 0x50, 0x0, 0x0, 0x2, 0x60,

    /* U+8D25 "败" */
    0x0, 0x0, 0x0, 0x0, 0x3, 0x50, 0x0, 0x0,
    0xc, 0xff, 0xff, 0xe0, 0x9, 0x80, 0x0, 0x0,
    0xc, 0x41, 0x13, 0xe0, 0xe, 0x40, 0x0, 0x0,
    0xc, 0x32, 0x91, 0xe0, 0x2f, 0xdd, 0xdd, 0xc0,
    0xc, 0x33, 0xc1, 0xe0, 0x8b, 0x33, 0x7c, 0x30,
    0xc, 0x33, 0xc1, 0xe0, 0xe5, 0x0, 0x79, 0x0,
    0xc, 0x33, 0xc1, 0xe8, 0xf8, 0x0, 0xa6, 0x0,
    0xc, 0x34, 0xc1, 0xe5, 0x6d, 0x0, 0xd2, 0x0,
    0xc, 0x34, 0xb1, 0xe0, 0xb, 0x42, 0xe0, 0x0,
    0xc, 0x36, 0xa1, 0xe0, 0x3, 0xc9, 0x80, 0x0,
    0x9, 0x2a, 0x61, 0xa0, 0x0, 0xcf, 0x10, 0x0,
    0x0, 0x1f, 0x58, 0x0, 0x0, 0xbf, 0x30, 0x0,
    0x0, 0xa9, 0xd, 0x50, 0x8, 0xd7, 0xe2, 0x0,
    0x1b, 0xd1, 0x3, 0xe2, 0xbe, 0x10, 0x7f, 0x70,
    0x4a, 0x10, 0x0, 0x44, 0xa1, 0x0, 0x4, 0xa0,

    /* U+8DB3 "足" */
    0x0, 0x4f, 0xff, 0xff, 0xff, 0xff, 0xfe, 0x0,
    0x0, 0x4e, 0x22, 0x22, 0x22, 0x22, 0x6e, 0x0,
    0x0, 0x4e, 0x0, 0x0, 0x0, 0x0, 0x5e, 0x0,
    0x0, 0x4e, 0x0, 0x0, 0x0, 0x0, 0x5e, 0x0,
    0x0, 0x4e, 0x22, 0x22, 0x22, 0x22, 0x7e, 0x0,
    0x0, 0x4f, 0xff, 0xff, 0xff, 0xff, 0xfd, 0x0,
    0x0, 0x0, 0x0, 0x4, 0xe0, 0x0, 0x0, 0x0,
    0x0, 0x6, 0xd0, 0x4, 0xe0, 0x0, 0x0, 0x0,
    0x0, 0x9, 0xb0, 0x4, 0xfe, 0xee, 0xee, 0x40,
    0x0, 0xd, 0xc0, 0x4, 0xf3, 0x33, 0x33, 0x10,
    0x0, 0x2f, 0xe6, 0x4, 0xe0, 0x0, 0x0, 0x0,
    0x0, 0xb9, 0x3f, 0x85, 0xe0, 0x0, 0x0, 0x0,
    0x6, 0xe1, 0x4, 0xef, 0xf5, 0x43, 0x22, 0x21,
    0x1e, 0x30, 0x0, 0x6, 0xad, 0xef, 0xff, 0xf6,
    0x0, 0x0, 0x0, 0x0, 0x0, 0x0, 0x0, 0x0,

    /* U+8F6C "转" */
    0x0, 0x5, 0x40, 0x0, 0x0, 0x28, 0x0, 0x0,
    0x0, 0xb, 0x70, 0x0, 0x0, 0x7b, 0x0, 0x0,
    0xc, 0xcf, 0xdc, 0xa7, 0xcc, 0xee, 0xcc, 0x90,
    0x5, 0x8e, 0x55, 0x42, 0x55, 0xf7, 0x55, 0x40,
    0x0, 0x88, 0x41, 0x0, 0x3, 0xf0, 0x0, 0x0,
    0x0, 0xd2, 0xe3, 0x5, 0x59, 0xd5, 0x55, 0x51,
    0x4, 0xd0, 0xe3, 0xc, 0xcf, 0xdc, 0xcc, 0xc4,
    0xb, 0xd9, 0xfb, 0x80, 0x1f, 0x20, 0x0, 0x0,
    0x3, 0x43, 0xf6, 0x30, 0x7f, 0xcc, 0xcc, 0x60,
    0x0, 0x0, 0xe3, 0x0, 0x35, 0x55, 0x9f, 0x10,
    0x0, 0x25, 0xfc, 0xd2, 0x0, 0x1, 0xe5, 0x0,
    0x1f, 0xfd, 0xf8, 0x30, 0x3d, 0x5c, 0x90, 0x0,
    0x2, 0x0, 0xe3, 0x0, 0x5, 0xff, 0x10, 0x0,
    0x0, 0x0, 0xe3, 0x0, 0x0, 0x1c, 0xd2, 0x0,
    0x0, 0x0, 0xe3, 0x0, 0x0, 0x0, 0xa6, 0x0,
    0x0, 0x0, 0x0, 0x0, 0x0, 0x0, 0x0, 0x0,

    /* U+8FD4 "返" */
    0x0, 0x0, 0x0, 0x0, 0x0, 0x0, 0x0, 0x0,
    0x4, 0x50, 0x0, 0x13, 0x45, 0x79, 0xbe, 0x50,
    0x5, 0xf4, 0x0, 0xee, 0xdb, 0xa8, 0x63, 0x0,
    0x0, 0x7f, 0x20, 0xe4, 0x0, 0x0, 0x0, 0x0,
    0x0, 0x4, 0x0, 0xe5, 0x11, 0x11, 0x11, 0x0,
    0x0, 0x0, 0x0, 0xef, 0xff, 0xff, 0xff, 0x10,
    0x3, 0x33, 0x0, 0xf3, 0x0, 0x0, 0x7b, 0x0,
    0x3d, 0xef, 0x1, 0xf3, 0xd3, 0x0, 0xe4, 0x0,
    0x0, 0x3f, 0x3, 0xf0, 0x6f, 0x6a, 0xb0, 0x0,
    0x0, 0x3f, 0x6, 0xc0, 0x3, 0xff, 0x10, 0x0,
    0x0, 0x3f, 0xc, 0x70, 0xa, 0xed, 0xb0, 0x0,
    0x0, 0x3f, 0x5f, 0x27, 0xec, 0x11, 0xcc, 0x10,
    0x0, 0x7f, 0x35, 0xb, 0x50, 0x0, 0x1a, 0x10,
    0xb, 0xd9, 0xea, 0x52, 0x11, 0x12, 0x23, 0x51,
    0x3d, 0x10, 0x17, 0xce, 0xff, 0xff, 0xfe, 0xe1,
    0x0, 0x0, 0x0, 0x0, 0x0, 0x0, 0x0, 0x0,

    /* U+8FDE "连" */
    0x0, 0x20, 0x0, 0x0, 0x52, 0x0, 0x0, 0x0,
    0x6, 0xe1, 0x0, 0x0, 0xe5, 0x0, 0x0, 0x0,
    0x0, 0x9c, 0xb, 0xde, 0xfe, 0xdd, 0xdd, 0xa0,
    0x0, 0xd, 0x42, 0x2c, 0x92, 0x22, 0x22, 0x20,
    0x0, 0x0, 0x0, 0x2f, 0x10, 0xf2, 0x0, 0x0,
    0x1, 0x11, 0x0, 0xa9, 0x0, 0xf2, 0x0, 0x0,
    0x4f, 0xff, 0x3, 0xff, 0xff, 0xff, 0xff, 0x40,
    0x0, 0x3f, 0x0, 0x42, 0x23, 0xf5, 0x22, 0x0,
    0x0, 0x2f, 0x0, 0x0, 0x0, 0xf2, 0x0, 0x0,
    0x0, 0x2f, 0x9, 0x99, 0x9a, 0xfa, 0x99, 0x90,
    0x0, 0x2f, 0x7, 0x88, 0x88, 0xf9, 0x88, 0x80,
    0x0, 0x2f, 0x0, 0x0, 0x0, 0xf2, 0x0, 0x0,
    0x1, 0xaf, 0x60, 0x0, 0x0, 0xf2, 0x0, 0x0,
    0x1d, 0xb4, 0xdc, 0x73, 0x22, 0x84, 0x34, 0x63,
    0x3d, 0x10, 0x6, 0xcf, 0xff, 0xff, 0xff, 0xe4,
    0x0, 0x0, 0x0, 0x0, 0x1, 0x10, 0x0, 0x0,

    /* U+9001 "送" */
    0x0, 0x0, 0x0, 0x0, 0x0, 0x0, 0x10, 0x0,
    0x6, 0xa0, 0x0, 0x3e, 0x0, 0x0, 0xc8, 0x0,
    0x1, 0xd9, 0x0, 0xb, 0x80, 0x5, 0xe1, 0x0,
    0x0, 0x2f, 0x51, 0x37, 0xa3, 0x3d, 0x93, 0x20,
    0x0, 0x3, 0x5, 0xdd, 0xdf, 0xfd, 0xdd, 0x80,
    0x0, 0x0, 0x0, 0x0, 0xa, 0x90, 0x0, 0x0,
    0x3e, 0xee, 0x0, 0x0, 0xa, 0x90, 0x0, 0x0,
    0x1, 0x4f, 0xe, 0xff, 0xff, 0xff, 0xff, 0xf1,
    0x0, 0x2f, 0x1, 0x11, 0x1e, 0xd2, 0x11, 0x10,
    0x0, 0x2f, 0x0, 0x0, 0x6e, 0xac, 0x10, 0x0,
    0x0, 0x2f, 0x0, 0x4, 0xf5, 0xa, 0xd1, 0x0,
    0x0, 0x2f, 0x1, 0x9f, 0x60, 0x0, 0xad, 0x10,
    0x1, 0xaf, 0x57, 0xc3, 0x0, 0x0, 0xa, 0x20,
    0x1d, 0xa5, 0xec, 0x63, 0x21, 0x22, 0x34, 0x52,
    0x4d, 0x0, 0x6, 0xcf, 0xff, 0xff, 0xff, 0xf4,
    0x0, 0x0, 0x0, 0x0, 0x1, 0x10, 0x0, 0x0,

    /* U+901F "速" */
    0x4, 0x20, 0x0, 0x0, 0xd, 0x40, 0x0, 0x0,
    0x7, 0xf3, 0xd, 0xff, 0xff, 0xff, 0xff, 0xe0,
    0x0, 0x8f, 0x31, 0x11, 0x1d, 0x61, 0x11, 0x10,
    0x0, 0x8, 0x10, 0x22, 0x2e, 0x72, 0x22, 0x0,
    0x0, 0x0, 0x2, 0xfc, 0xcf, 0xdc, 0xcf, 0x30,
    0x28, 0x88, 0x12, 0xe0, 0xd, 0x40, 0xe, 0x30,
    0x29, 0x9f, 0x32, 0xe2, 0x2e, 0x72, 0x2e, 0x30,
    0x0, 0xe, 0x32, 0xcc, 0xdf, 0xfc, 0xcc, 0x20,
    0x0, 0xe, 0x30, 0x1, 0xdf, 0xfa, 0x10, 0x0,
    0x0, 0xe, 0x30, 0x1c, 0x6d, 0x59, 0xe3, 0x0,
    0x0, 0xe, 0x36, 0xe8, 0xd, 0x40, 0x5f, 0x50,
    0x0, 0x2f, 0x58, 0x50, 0xd, 0x40, 0x4, 0x20,
    0x7, 0xe8, 0xdb, 0x51, 0x4, 0x20, 0x12, 0x30,
    0x2e, 0x20, 0x6, 0xbf, 0xff, 0xff, 0xff, 0xe0,
    0x0, 0x0, 0x0, 0x0, 0x1, 0x10, 0x0, 0x0,

    /* U+914D "配" */
    0x1, 0x11, 0x11, 0x11, 0x0, 0x0, 0x0, 0x0,
    0x1f, 0xff, 0xff, 0xff, 0x3f, 0xff, 0xff, 0xe0,
    0x0, 0xc, 0x1e, 0x0, 0x2, 0x22, 0x25, 0xe0,
    0x0, 0xc, 0x1e, 0x0, 0x0, 0x0, 0x3, 0xe0,
    0xa, 0xff, 0xff, 0xfa, 0x0, 0x0, 0x3, 0xe0,
    0xa, 0x5a, 0x3a, 0x5b, 0x0, 0x0, 0x3, 0xe0,
    0xa, 0x4a, 0x19, 0x4b, 0xb, 0xbb, 0xbc, 0xe0,
    0xa, 0x4b, 0x9, 0x4b, 0x1f, 0x76, 0x68, 0xe0,
    0xa, 0x89, 0xc, 0xcb, 0x1f, 0x10, 0x0, 0x40,
    0xa, 0x91, 0x0, 0x4b, 0x1f, 0x10, 0x0, 0x0,
    0xa, 0x63, 0x33, 0x6b, 0x1f, 0x10, 0x0, 0x0,
    0xa, 0xca, 0xaa, 0xcb, 0x1f, 0x10, 0x0, 0x31,
    0xa, 0x40, 0x0, 0x4b, 0x1f, 0x10, 0x0, 0xa7,
    0xa, 0xfe, 0xee, 0xfb, 0xf, 0x52, 0x22, 0xd5,
    0xa, 0x50, 0x0, 0x49, 0xa, 0xff, 0xff, 0xc0,
    0x1, 0x0, 0x0, 0x0, 0x0, 0x0, 0x0, 0x0,

    /* U+91CD "重" */
    0x0, 0x0, 0x0, 0x1, 0x23, 0x57, 0x91, 0x0,
    0x0, 0xae, 0xef, 0xff, 0xec, 0xa9, 0x62, 0x0,
    0x0, 0x11, 0x0, 0xa, 0x80, 0x0, 0x0, 0x0,
    0x1d, 0xdd, 0xdd, 0xdf, 0xed, 0xdd, 0xdd, 0xd1,
    0x2, 0x22, 0x22, 0x2b, 0x92, 0x22, 0x22, 0x20,
    0x0, 0x6d, 0xdd, 0xdf, 0xed, 0xdd, 0xd7, 0x0,
    0x0, 0x7b, 0x0, 0xa, 0x80, 0x0, 0xa9, 0x0,
    0x0, 0x7f, 0xcc, 0xce, 0xec, 0xcc, 0xe9, 0x0,
    0x0, 0x7b, 0x0, 0xa, 0x80, 0x0, 0xa9, 0x0,
    0x0, 0x7e, 0xcc, 0xce, 0xec, 0xcc, 0xe9, 0x0,
    0x0, 0x1, 0x11, 0x1b, 0x91, 0x11, 0x11, 0x0,
    0x0, 0xcc, 0xcc, 0xce, 0xec, 0xcc, 0xcc, 0x20,
    0x0, 0x22, 0x22, 0x2b, 0xa2, 0x22, 0x22, 0x0,
    0x0, 0x0, 0x0, 0xa, 0x90, 0x0, 0x0, 0x0,
    0x2e, 0xee, 0xee, 0xee, 0xee, 0xee, 0xee, 0xe2,

    /* U+91CF "量" */
    0x0, 0x2f, 0xbb, 0xbb, 0xbb, 0xbb, 0xf2, 0x0,
    0x0, 0x2f, 0x11, 0x11, 0x11, 0x12, 0xf2, 0x0,
    0x0, 0x2f, 0x99, 0x99, 0x99, 0x99, 0xf2, 0x0,
    0x0, 0x2f, 0x88, 0x88, 0x88, 0x89, 0xf2, 0x0,
    0x2, 0x24, 0x44, 0x44, 0x44, 0x44, 0x42, 0x20,
    0x2c, 0xcc, 0xcc, 0xcc, 0xcc, 0xcc, 0xcc, 0xc2,
    0x0, 0x38, 0x88, 0x88, 0x88, 0x88, 0x85, 0x0,
    0x0, 0x7b, 0x22, 0x2a, 0xa2, 0x22, 0xa9, 0x0,
    0x0, 0x7e, 0xbb, 0xbe, 0xdb, 0xbb, 0xd9, 0x0,
    0x0, 0x7c, 0x66, 0x6c, 0xb6, 0x66, 0xb9, 0x0,
    0x0, 0x24, 0x44, 0x4b, 0xb4, 0x44, 0x42, 0x0,
    0x0, 0xcd, 0xdd, 0xdf, 0xfd, 0xdd, 0xdd, 0x0,
    0x0, 0x0, 0x0, 0x9, 0x80, 0x0, 0x0, 0x0,
    0x3e, 0xee, 0xee, 0xef, 0xfe, 0xee, 0xee, 0xe4,

    /* U+952E "键" */
    0x0, 0x0, 0x0, 0x0, 0x0, 0x0, 0x0, 0x0,
    0x0, 0xb5, 0x5, 0xff, 0xb0, 0xb, 0x30, 0x0,
    0x1, 0xfe, 0xe7, 0x1a, 0xc8, 0xdf, 0xee, 0x90,
    0xa, 0xb8, 0x83, 0xe, 0x50, 0xb, 0x34, 0x90,
    0x4e, 0x0, 0x0, 0x4d, 0x1e, 0xef, 0xff, 0xf8,
    0xa, 0xcc, 0xc4, 0xb5, 0x0, 0xb, 0x34, 0x90,
    0x1, 0x7c, 0x25, 0xff, 0xb9, 0xef, 0xee, 0x90,
    0x0, 0x5b, 0x0, 0x15, 0xa0, 0xb, 0x30, 0x0,
    0x4, 0x8c, 0x42, 0x6, 0x95, 0x7d, 0x97, 0x60,
    0xc, 0xde, 0xc8, 0xb8, 0x75, 0x7d, 0x97, 0x60,
    0x0, 0x5b, 0x0, 0xdd, 0x33, 0x3c, 0x63, 0x30,
    0x0, 0x5b, 0x0, 0x7f, 0x1b, 0xbe, 0xcb, 0xb2,
    0x0, 0x5b, 0x56, 0x8f, 0x60, 0xb, 0x30, 0x0,
    0x0, 0xaf, 0xb6, 0xf5, 0xeb, 0x6e, 0x40, 0x0,
    0x0, 0xc5, 0x1e, 0x50, 0x7, 0xbd, 0xef, 0xf5,
    0x0, 0x0, 0x1, 0x0, 0x0, 0x0, 0x0, 0x0,

    /* U+957F "长" */
    0x0, 0x0, 0xf3, 0x0, 0x0, 0x1, 0xa2, 0x0,
    0x0, 0x0, 0xf3, 0x0, 0x0, 0x3e, 0xa0, 0x0,
    0x0, 0x0, 0xf3, 0x0, 0x7, 0xf8, 0x0, 0x0,
    0x0, 0x0, 0xf3, 0x7, 0xec, 0x30, 0x0, 0x0,
    0x0, 0x0, 0xf3, 0x4d, 0x60, 0x0, 0x0, 0x0,
    0x2, 0x23, 0xf5, 0x23, 0x22, 0x22, 0x22, 0x20,
    0x1f, 0xff, 0xff, 0xff, 0xff, 0xff, 0xff, 0xf1,
    0x0, 0x0, 0xf3, 0x1, 0xf4, 0x0, 0x0, 0x0,
    0x0, 0x0, 0xf3, 0x0, 0x8c, 0x0, 0x0, 0x0,
    0x0, 0x0, 0xf3, 0x0, 0x1e, 0x90, 0x0, 0x0,
    0x0, 0x0, 0xf3, 0x0, 0x3, 0xf8, 0x0, 0x0,
    0x0, 0x0, 0xf3, 0x2, 0x60, 0x4f, 0xc2, 0x0,
    0x0, 0x2, 0xfc, 0xef, 0xc1, 0x2, 0xcf, 0xb2,
    0x0, 0x7, 0xe9, 0x40, 0x0, 0x0, 0x4, 0xa0,
    0x0, 0x0, 0x0, 0x0, 0x0, 0x0, 0x0, 0x0,

    /* U+961F "队" */
    0x0, 0x0, 0x0, 0x0, 0x0, 0x0, 0x0, 0x3,
    0xff, 0xff, 0xc0, 0x0, 0xe5, 0x0, 0x0, 0x3e,
    0x11, 0xb8, 0x0, 0xe, 0x40, 0x0, 0x3, 0xe0,
    0x1f, 0x20, 0x0, 0xe4, 0x0, 0x0, 0x3e, 0x6,
    0xb0, 0x0, 0xf, 0x30, 0x0, 0x3, 0xe0, 0xc6,
    0x0, 0x0, 0xf3, 0x0, 0x0, 0x3e, 0x4, 0xe1,
    0x0, 0x2f, 0x50, 0x0, 0x3, 0xe0, 0xa, 0x80,
    0x4, 0xf9, 0x0, 0x0, 0x3e, 0x0, 0x6b, 0x0,
    0x7e, 0xd0, 0x0, 0x3, 0xe0, 0x6, 0xc0, 0xb,
    0x7e, 0x20, 0x0, 0x3e, 0x1d, 0xf7, 0x1, 0xf2,
    0x8a, 0x0, 0x3, 0xe0, 0x42, 0x0, 0xaa, 0x1,
    0xf3, 0x0, 0x3e, 0x0, 0x0, 0x6f, 0x20, 0x7,
    0xd1, 0x3, 0xe0, 0x0, 0x7f, 0x50, 0x0, 0xc,
    0xd2, 0x3e, 0x0, 0x1d, 0x40, 0x0, 0x0, 0xb,
    0x60, 0x0, 0x0, 0x0, 0x0, 0x0, 0x0, 0x0,

    /* U+9664 "除" */
    0x0, 0x0, 0x0, 0x0, 0x9, 0x0, 0x0, 0xe,
    0xff, 0xf4, 0x0, 0x9, 0xf2, 0x0, 0x0, 0xe3,
    0x1f, 0x10, 0x5, 0xd7, 0xe2, 0x0, 0xe, 0x24,
    0xb0, 0x5, 0xe2, 0x8, 0xd2, 0x0, 0xe2, 0x86,
    0x7, 0xe4, 0x0, 0x9, 0xf5, 0xe, 0x2c, 0x18,
    0xd7, 0x44, 0x44, 0x59, 0xe0, 0xe2, 0xc4, 0x10,
    0xbb, 0xcf, 0xbb, 0x40, 0xe, 0x22, 0xd0, 0x0,
    0x3, 0xe0, 0x0, 0x0, 0xe2, 0xd, 0x58, 0x88,
    0x9f, 0x88, 0x87, 0xe, 0x20, 0xd7, 0x77, 0x79,
    0xf7, 0x77, 0x60, 0xe5, 0xde, 0x10, 0x91, 0x3e,
    0xa, 0x20, 0xe, 0x23, 0x10, 0x7b, 0x3, 0xe0,
    0x7d, 0x0, 0xe2, 0x0, 0x3f, 0x20, 0x3e, 0x0,
    0xb8, 0xe, 0x20, 0xa, 0x60, 0x4, 0xe0, 0x2,
    0xa0, 0xe2, 0x0, 0x0, 0x3f, 0xf9, 0x0, 0x0,
    0x0, 0x0, 0x0, 0x0, 0x0, 0x0, 0x0, 0x0,

    /* U+97F3 "音" */
    0x0, 0x0, 0x0, 0x6, 0x20, 0x0, 0x0, 0x0,
    0x0, 0x0, 0x0, 0xa, 0xa0, 0x0, 0x0, 0x0,
    0x3, 0xff, 0xff, 0xff, 0xff, 0xff, 0xff, 0x50,
    0x0, 0x11, 0xb5, 0x11, 0x11, 0x4d, 0x31, 0x0,
    0x0, 0x0, 0xab, 0x0, 0x0, 0x9c, 0x0, 0x0,
    0x1, 0x11, 0x5f, 0x21, 0x12, 0xf6, 0x11, 0x10,
    0x1f, 0xff, 0xff, 0xff, 0xff, 0xff, 0xff, 0xf2,
    0x0, 0x0, 0x0, 0x0, 0x0, 0x0, 0x0, 0x0,
    0x0, 0xe, 0xff, 0xff, 0xff, 0xff, 0xf1, 0x0,
    0x0, 0xe, 0x51, 0x11, 0x11, 0x13, 0xf1, 0x0,
    0x0, 0xe, 0x40, 0x0, 0x0, 0x3, 0xf1, 0x0,
    0x0, 0xe, 0xfe, 0xee, 0xee, 0xee, 0xf1, 0x0,
    0x0, 0xe, 0x40, 0x0, 0x0, 0x2, 0xf1, 0x0,
    0x0, 0xe, 0x51, 0x11, 0x11, 0x14, 0xf1, 0x0,
    0x0, 0xe, 0xee, 0xee, 0xee, 0xee, 0xf1, 0x0,

    /* U+FF0C "，" */
    0xb, 0x80, 0x3f, 0xf1, 0x5, 0xf2, 0x5, 0xd0,
    0x7e, 0x30, 0x52, 0x0,

    /* U+FF1F "？" */
    0x0, 0x0, 0x10, 0x0, 0x3, 0xcf, 0xfe, 0x40,
    0x3f, 0x82, 0x1b, 0xf1, 0x2, 0x0, 0x3, 0xf5,
    0x0, 0x0, 0x3, 0xf3, 0x0, 0x0, 0x1d, 0xa0,
    0x0, 0x0, 0xda, 0x0, 0x0, 0x9, 0xc0, 0x0,
    0x0, 0xe, 0x70, 0x0, 0x0, 0x1, 0x0, 0x0,
    0x0, 0x0, 0x0, 0x0, 0x0, 0x1e, 0x80, 0x0,
    0x0, 0x1e, 0x90, 0x0, 0x0, 0x0, 0x0, 0x0
};


/*---------------------
 *  GLYPH DESCRIPTION
 *--------------------*/

static const lv_font_fmt_txt_glyph_dsc_t glyph_dsc[] = {
    {.bitmap_index = 0, .adv_w = 0, .box_w = 0, .box_h = 0, .ofs_x = 0, .ofs_y = 0} /* id = 0 reserved */,
    {.bitmap_index = 0, .adv_w = 57, .box_w = 0, .box_h = 0, .ofs_x = 0, .ofs_y = 0},
    {.bitmap_index = 0, .adv_w = 83, .box_w = 3, .box_h = 12, .ofs_x = 1, .ofs_y = 0},
    {.bitmap_index = 18, .adv_w = 121, .box_w = 6, .box_h = 5, .ofs_x = 1, .ofs_y = 8},
    {.bitmap_index = 33, .adv_w = 142, .box_w = 9, .box_h = 12, .ofs_x = 0, .ofs_y = 0},
    {.bitmap_index = 87, .adv_w = 142, .box_w = 8, .box_h = 16, .ofs_x = 0, .ofs_y = -2},
    {.bitmap_index = 151, .adv_w = 236, .box_w = 15, .box_h = 12, .ofs_x = 0, .ofs_y = 0},
    {.bitmap_index = 241, .adv_w = 174, .box_w = 11, .box_h = 12, .ofs_x = 0, .ofs_y = 0},
    {.bitmap_index = 307, .adv_w = 71, .box_w = 2, .box_h = 5, .ofs_x = 1, .ofs_y = 8},
    {.bitmap_index = 312, .adv_w = 87, .box_w = 4, .box_h = 18, .ofs_x = 1, .ofs_y = -4},
    {.bitmap_index = 348, .adv_w = 87, .box_w = 4, .box_h = 18, .ofs_x = 0, .ofs_y = -4},
    {.bitmap_index = 384, .adv_w = 120, .box_w = 6, .box_h = 6, .ofs_x = 1, .ofs_y = 7},
    {.bitmap_index = 402, .adv_w = 142, .box_w = 9, .box_h = 9, .ofs_x = 0, .ofs_y = 2},
    {.bitmap_index = 443, .adv_w = 71, .box_w = 4, .box_h = 7, .ofs_x = 0, .ofs_y = -4},
    {.bitmap_index = 457, .adv_w = 89, .box_w = 5, .box_h = 2, .ofs_x = 0, .ofs_y = 3},
    {.bitmap_index = 462, .adv_w = 71, .box_w = 3, .box_h = 3, .ofs_x = 1, .ofs_y = 0},
    {.bitmap_index = 467, .adv_w = 100, .box_w = 7, .box_h = 16, .ofs_x = 0, .ofs_y = -3},
    {.bitmap_index = 523, .adv_w = 142, .box_w = 9, .box_h = 12, .ofs_x = 0, .ofs_y = 0},
    {.bitmap_index = 577, .adv_w = 142, .box_w = 7, .box_h = 12, .ofs_x = 1, .ofs_y = 0},
    {.bitmap_index = 619, .adv_w = 142, .box_w = 9, .box_h = 12, .ofs_x = 0, .ofs_y = 0},
    {.bitmap_index = 673, .adv_w = 142, .box_w = 8, .box_h = 12, .ofs_x = 0, .ofs_y = 0},
    {.bitmap_index = 721, .adv_w = 142, .box_w = 9, .box_h = 12, .ofs_x = 0, .ofs_y = 0},
    {.bitmap_index = 775, .adv_w = 142, .box_w = 9, .box_h = 12, .ofs_x = 0, .ofs_y = 0},
    {.bitmap_index = 829, .adv_w = 142, .box_w = 9, .box_h = 12, .ofs_x = 0, .ofs_y = 0},
    {.bitmap_index = 883, .adv_w = 142, .box_w = 9, .box_h = 12, .ofs_x = 0, .ofs_y = 0},
    {.bitmap_index = 937, .adv_w = 142, .box_w = 9, .box_h = 12, .ofs_x = 0, .ofs_y = 0},
    {.bitmap_index = 991, .adv_w = 142, .box_w = 9, .box_h = 12, .ofs_x = 0, .ofs_y = 0},
    {.bitmap_index = 1045, .adv_w = 71, .box_w = 3, .box_h = 9, .ofs_x = 1, .ofs_y = 0},
    {.bitmap_index = 1059, .adv_w = 71, .box_w = 4, .box_h = 13, .ofs_x = 0, .ofs_y = -4},
    {.bitmap_index = 1085, .adv_w = 142, .box_w = 9, .box_h = 8, .ofs_x = 0, .ofs_y = 2},
    {.bitmap_index = 1121, .adv_w = 142, .box_w = 9, .box_h = 6, .ofs_x = 0, .ofs_y = 3},
    {.bitmap_index = 1148, .adv_w = 142, .box_w = 9, .box_h = 8, .ofs_x = 0, .ofs_y = 2},
    {.bitmap_index = 1184, .adv_w = 121, .box_w = 7, .box_h = 12, .ofs_x = 0, .ofs_y = 0},
    {.bitmap_index = 1226, .adv_w = 242, .box_w = 15, .box_h = 14, .ofs_x = 0, .ofs_y = -2},
    {.bitmap_index = 1331, .adv_w = 156, .box_w = 10, .box_h = 12, .ofs_x = 0, .ofs_y = 0},
    {.bitmap_index = 1391, .adv_w = 168, .box_w = 9, .box_h = 12, .ofs_x = 1, .ofs_y = 0},
    {.bitmap_index = 1445, .adv_w = 163, .box_w = 10, .box_h = 12, .ofs_x = 0, .ofs_y = 0},
    {.bitmap_index = 1505, .adv_w = 176, .box_w = 10, .box_h = 12, .ofs_x = 1, .ofs_y = 0},
    {.bitmap_index = 1565, .adv_w = 151, .box_w = 8, .box_h = 12, .ofs_x = 1, .ofs_y = 0},
    {.bitmap_index = 1613, .adv_w = 141, .box_w = 8, .box_h = 12, .ofs_x = 1, .ofs_y = 0},
    {.bitmap_index = 1661, .adv_w = 176, .box_w = 10, .box_h = 12, .ofs_x = 0, .ofs_y = 0},
    {.bitmap_index = 1721, .adv_w = 186, .box_w = 10, .box_h = 12, .ofs_x = 1, .ofs_y = 0},
    {.bitmap_index = 1781, .adv_w = 75, .box_w = 3, .box_h = 12, .ofs_x = 1, .ofs_y = 0},
    {.bitmap_index = 1799, .adv_w = 137, .box_w = 8, .box_h = 12, .ofs_x = 0, .ofs_y = 0},
    {.bitmap_index = 1847, .adv_w = 165, .box_w = 10, .box_h = 12, .ofs_x = 1, .ofs_y = 0},
    {.bitmap_index = 1907, .adv_w = 139, .box_w = 8, .box_h = 12, .ofs_x = 1, .ofs_y = 0},
    {.bitmap_index = 1955, .adv_w = 208, .box_w = 11, .box_h = 12, .ofs_x = 1, .ofs_y = 0},
    {.bitmap_index = 2021, .adv_w = 185, .box_w = 9, .box_h = 12, .ofs_x = 1, .ofs_y = 0},
    {.bitmap_index = 2075, .adv_w = 190, .box_w = 11, .box_h = 12, .ofs_x = 0, .ofs_y = 0},
    {.bitmap_index = 2141, .adv_w = 162, .box_w = 9, .box_h = 12, .ofs_x = 1, .ofs_y = 0},
    {.bitmap_index = 2195, .adv_w = 190, .box_w = 12, .box_h = 16, .ofs_x = 0, .ofs_y = -4},
    {.bitmap_index = 2291, .adv_w = 163, .box_w = 9, .box_h = 12, .ofs_x = 1, .ofs_y = 0},
    {.bitmap_index = 2345, .adv_w = 153, .box_w = 9, .box_h = 12, .ofs_x = 0, .ofs_y = 0},
    {.bitmap_index = 2399, .adv_w = 153, .box_w = 10, .box_h = 12, .ofs_x = 0, .ofs_y = 0},
    {.bitmap_index = 2459, .adv_w = 185, .box_w = 9, .box_h = 12, .ofs_x = 1, .ofs_y = 0},
    {.bitmap_index = 2513, .adv_w = 147, .box_w = 10, .box_h = 12, .ofs_x = 0, .ofs_y = 0},
    {.bitmap_index = 2573, .adv_w = 225, .box_w = 14, .box_h = 12, .ofs_x = 0, .ofs_y = 0},
    {.bitmap_index = 2657, .adv_w = 147, .box_w = 9, .box_h = 12, .ofs_x = 0, .ofs_y = 0},
    {.bitmap_index = 2711, .adv_w = 136, .box_w = 10, .box_h = 12, .ofs_x = -1, .ofs_y = 0},
    {.bitmap_index = 2771, .adv_w = 154, .box_w = 9, .box_h = 12, .ofs_x = 0, .ofs_y = 0},
    {.bitmap_index = 2825, .adv_w = 87, .box_w = 4, .box_h = 16, .ofs_x = 1, .ofs_y = -3},
    {.bitmap_index = 2857, .adv_w = 100, .box_w = 7, .box_h = 16, .ofs_x = 0, .ofs_y = -3},
    {.bitmap_index = 2913, .adv_w = 87, .box_w = 4, .box_h = 16, .ofs_x = 0, .ofs_y = -3},
    {.bitmap_index = 2945, .adv_w = 142, .box_w = 7, .box_h = 7, .ofs_x = 1, .ofs_y = 5},
    {.bitmap_index = 2970, .adv_w = 143, .box_w = 9, .box_h = 1, .ofs_x = 0, .ofs_y = -2},
    {.bitmap_index = 2975, .adv_w = 155, .box_w = 4, .box_h = 5, .ofs_x = 2, .ofs_y = 10},
    {.bitmap_index = 2985, .adv_w = 144, .box_w = 8, .box_h = 9, .ofs_x = 0, .ofs_y = 0},
    {.bitmap_index = 3021, .adv_w = 158, .box_w = 9, .box_h = 13, .ofs_x = 1, .ofs_y = 0},
    {.bitmap_index = 3080, .adv_w = 131, .box_w = 8, .box_h = 9, .ofs_x = 0, .ofs_y = 0},
    {.bitmap_index = 3116, .adv_w = 159, .box_w = 9, .box_h = 13, .ofs_x = 0, .ofs_y = 0},
    {.bitmap_index = 3175, .adv_w = 142, .box_w = 9, .box_h = 9, .ofs_x = 0, .ofs_y = 0},
    {.bitmap_index = 3216, .adv_w = 83, .box_w = 6, .box_h = 13, .ofs_x = 0, .ofs_y = 0},
    {.bitmap_index = 3255, .adv_w = 144, .box_w = 9, .box_h = 13, .ofs_x = 0, .ofs_y = -4},
    {.bitmap_index = 3314, .adv_w = 155, .box_w = 8, .box_h = 13, .ofs_x = 1, .ofs_y = 0},
    {.bitmap_index = 3366, .adv_w = 70, .box_w = 3, .box_h = 13, .ofs_x = 1, .ofs_y = 0},
    {.bitmap_index = 3386, .adv_w = 70, .box_w = 5, .box_h = 17, .ofs_x = -1, .ofs_y = -4},
    {.bitmap_index = 3429, .adv_w = 141, .box_w = 8, .box_h = 13, .ofs_x = 1, .ofs_y = 0},
    {.bitmap_index = 3481, .adv_w = 73, .box_w = 3, .box_h = 13, .ofs_x = 1, .ofs_y = 0},
    {.bitmap_index = 3501, .adv_w = 237, .box_w = 13, .box_h = 9, .ofs_x = 1, .ofs_y = 0},
    {.bitmap_index = 3560, .adv_w = 156, .box_w = 8, .box_h = 9, .ofs_x = 1, .ofs_y = 0},
    {.bitmap_index = 3596, .adv_w = 155, .box_w = 9, .box_h = 9, .ofs_x = 0, .ofs_y = 0},
    {.bitmap_index = 3637, .adv_w = 159, .box_w = 9, .box_h = 13, .ofs_x = 1, .ofs_y = -4},
    {.bitmap_index = 3696, .adv_w = 159, .box_w = 9, .box_h = 13, .ofs_x = 0, .ofs_y = -4},
    {.bitmap_index = 3755, .adv_w = 99, .box_w = 6, .box_h = 9, .ofs_x = 1, .ofs_y = 0},
    {.bitmap_index = 3782, .adv_w = 120, .box_w = 7, .box_h = 9, .ofs_x = 0, .ofs_y = 0},
    {.bitmap_index = 3814, .adv_w = 97, .box_w = 6, .box_h = 12, .ofs_x = 0, .ofs_y = 0},
    {.bitmap_index = 3850, .adv_w = 155, .box_w = 8, .box_h = 9, .ofs_x = 1, .ofs_y = 0},
    {.bitmap_index = 3886, .adv_w = 133, .box_w = 9, .box_h = 9, .ofs_x = 0, .ofs_y = 0},
    {.bitmap_index = 3927, .adv_w = 205, .box_w = 13, .box_h = 9, .ofs_x = 0, .ofs_y = 0},
    {.bitmap_index = 3986, .adv_w = 127, .box_w = 8, .box_h = 9, .ofs_x = 0, .ofs_y = 0},
    {.bitmap_index = 4022, .adv_w = 133, .box_w = 9, .box_h = 13, .ofs_x = 0, .ofs_y = -4},
    {.bitmap_index = 4081, .adv_w = 122, .box_w = 8, .box_h = 9, .ofs_x = 0, .ofs_y = 0},
    {.bitmap_index = 4117, .adv_w = 87, .box_w = 5, .box_h = 16, .ofs_x = 0, .ofs_y = -3},
    {.bitmap_index = 4157, .adv_w = 69, .box_w = 2, .box_h = 18, .ofs_x = 1, .ofs_y = -5},
    {.bitmap_index = 4175, .adv_w = 87, .box_w = 5, .box_h = 16, .ofs_x = 0, .ofs_y = -3},
    {.bitmap_index = 4215, .adv_w = 142, .box_w = 9, .box_h = 4, .ofs_x = 0, .ofs_y = 4},
    {.bitmap_index = 4233, .adv_w = 256, .box_w = 4, .box_h = 4, .ofs_x = 6, .ofs_y = 4},
    {.bitmap_index = 4241, .adv_w = 256, .box_w = 14, .box_h = 3, .ofs_x = 1, .ofs_y = 5},
    {.bitmap_index = 4262, .adv_w = 256, .box_w = 6, .box_h = 5, .ofs_x = 0, .ofs_y = -1},
    {.bitmap_index = 4277, .adv_w = 256, .box_w = 16, .box_h = 14, .ofs_x = 0, .ofs_y = -1},
    {.bitmap_index = 4389, .adv_w = 256, .box_w = 16, .box_h = 14, .ofs_x = 0, .ofs_y = -1},
    {.bitmap_index = 4501, .adv_w = 256, .box_w = 14, .box_h = 14, .ofs_x = 1, .ofs_y = -1},
    {.bitmap_index = 4599, .adv_w = 256, .box_w = 16, .box_h = 15, .ofs_x = 0, .ofs_y = -1},
    {.bitmap_index = 4719, .adv_w = 256, .box_w = 16, .box_h = 16, .ofs_x = 0, .ofs_y = -2},
    {.bitmap_index = 4847, .adv_w = 256, .box_w = 16, .box_h = 16, .ofs_x = 0, .ofs_y = -2},
    {.bitmap_index = 4975, .adv_w = 256, .box_w = 16, .box_h = 15, .ofs_x = 0, .ofs_y = -1},
    {.bitmap_index = 5095, .adv_w = 256, .box_w = 16, .box_h = 16, .ofs_x = 0, .ofs_y = -2},
    {.bitmap_index = 5223, .adv_w = 256, .box_w = 16, .box_h = 16, .ofs_x = 0, .ofs_y = -2},
    {.bitmap_index = 5351, .adv_w = 256, .box_w = 15, .box_h = 15, .ofs_x = 0, .ofs_y = -2},
    {.bitmap_index = 5464, .adv_w = 256, .box_w = 15, .box_h = 15, .ofs_x = 0, .ofs_y = -2},
    {.bitmap_index = 5577, .adv_w = 256, .box_w = 16, .box_h = 16, .ofs_x = 0, .ofs_y = -2},
    {.bitmap_index = 5705, .adv_w = 256, .box_w = 16, .box_h = 15, .ofs_x = 0, .ofs_y = -2},
    {.bitmap_index = 5825, .adv_w = 256, .box_w = 14, .box_h = 14, .ofs_x = 1, .ofs_y = -1},
    {.bitmap_index = 5923, .adv_w = 256, .box_w = 16, .box_h = 14, .ofs_x = 0, .ofs_y = -1},
    {.bitmap_index = 6035, .adv_w = 256, .box_w = 14, .box_h = 14, .ofs_x = 1, .ofs_y = -1},
    {.bitmap_index = 6133, .adv_w = 256, .box_w = 14, .box_h = 14, .ofs_x = 1, .ofs_y = -1},
    {.bitmap_index = 6231, .adv_w = 256, .box_w = 16, .box_h = 14, .ofs_x = 0, .ofs_y = -1},
    {.bitmap_index = 6343, .adv_w = 256, .box_w = 16, .box_h = 15, .ofs_x = 0, .ofs_y = -2},
    {.bitmap_index = 6463, .adv_w = 256, .box_w = 16, .box_h = 15, .ofs_x = 0, .ofs_y = -1},
    {.bitmap_index = 6583, .adv_w = 256, .box_w = 14, .box_h = 15, .ofs_x = 1, .ofs_y = -1},
    {.bitmap_index = 6688, .adv_w = 256, .box_w = 16, .box_h = 15, .ofs_x = 0, .ofs_y = -1},
    {.bitmap_index = 6808, .adv_w = 256, .box_w = 15, .box_h = 14, .ofs_x = 1, .ofs_y = -1},
    {.bitmap_index = 6913, .adv_w = 256, .box_w = 16, .box_h = 15, .ofs_x = 0, .ofs_y = -2},
    {.bitmap_index = 7033, .adv_w = 256, .box_w = 15, .box_h = 15, .ofs_x = 1, .ofs_y = -1},
    {.bitmap_index = 7146, .adv_w = 256, .box_w = 16, .box_h = 16, .ofs_x = 0, .ofs_y = -2},
    {.bitmap_index = 7274, .adv_w = 256, .box_w = 16, .box_h = 16, .ofs_x = 0, .ofs_y = -2},
    {.bitmap_index = 7402, .adv_w = 256, .box_w = 16, .box_h = 15, .ofs_x = 0, .ofs_y = -2},
    {.bitmap_index = 7522, .adv_w = 256, .box_w = 16, .box_h = 15, .ofs_x = 0, .ofs_y = -2},
    {.bitmap_index = 7642, .adv_w = 256, .box_w = 16, .box_h = 16, .ofs_x = 0, .ofs_y = -2},
    {.bitmap_index = 7770, .adv_w = 256, .box_w = 16, .box_h = 15, .ofs_x = 0, .ofs_y = -2},
    {.bitmap_index = 7890, .adv_w = 256, .box_w = 16, .box_h = 14, .ofs_x = 0, .ofs_y = -1},
    {.bitmap_index = 8002, .adv_w = 256, .box_w = 16, .box_h = 14, .ofs_x = 0, .ofs_y = -1},
    {.bitmap_index = 8114, .adv_w = 256, .box_w = 16, .box_h = 15, .ofs_x = 0, .ofs_y = -2},
    {.bitmap_index = 8234, .adv_w = 256, .box_w = 16, .box_h = 14, .ofs_x = 0, .ofs_y = -1},
    {.bitmap_index = 8346, .adv_w = 256, .box_w = 16, .box_h = 15, .ofs_x = 0, .ofs_y = -1},
    {.bitmap_index = 8466, .adv_w = 256, .box_w = 15, .box_h = 15, .ofs_x = 0, .ofs_y = -2},
    {.bitmap_index = 8579, .adv_w = 256, .box_w = 15, .box_h = 16, .ofs_x = 0, .ofs_y = -1},
    {.bitmap_index = 8699, .adv_w = 256, .box_w = 16, .box_h = 14, .ofs_x = 0, .ofs_y = -1},
    {.bitmap_index = 8811, .adv_w = 256, .box_w = 16, .box_h = 14, .ofs_x = 0, .ofs_y = -1},
    {.bitmap_index = 8923, .adv_w = 256, .box_w = 16, .box_h = 15, .ofs_x = 0, .ofs_y = -2},
    {.bitmap_index = 9043, .adv_w = 256, .box_w = 14, .box_h = 14, .ofs_x = 2, .ofs_y = -1},
    {.bitmap_index = 9141, .adv_w = 256, .box_w = 14, .box_h = 15, .ofs_x = 1, .ofs_y = -1},
    {.bitmap_index = 9246, .adv_w = 256, .box_w = 16, .box_h = 14, .ofs_x = 0, .ofs_y = -1},
    {.bitmap_index = 9358, .adv_w = 256, .box_w = 14, .box_h = 14, .ofs_x = 1, .ofs_y = -1},
    {.bitmap_index = 9456, .adv_w = 256, .box_w = 16, .box_h = 14, .ofs_x = 0, .ofs_y = -1},
    {.bitmap_index = 9568, .adv_w = 256, .box_w = 16, .box_h = 14, .ofs_x = 0, .ofs_y = -1},
    {.bitmap_index = 9680, .adv_w = 256, .box_w = 16, .box_h = 16, .ofs_x = 0, .ofs_y = -2},
    {.bitmap_index = 9808, .adv_w = 256, .box_w = 16, .box_h = 15, .ofs_x = 0, .ofs_y = -1},
    {.bitmap_index = 9928, .adv_w = 256, .box_w = 16, .box_h = 15, .ofs_x = 0, .ofs_y = -2},
    {.bitmap_index = 10048, .adv_w = 256, .box_w = 16, .box_h = 16, .ofs_x = 0, .ofs_y = -2},
    {.bitmap_index = 10176, .adv_w = 256, .box_w = 16, .box_h = 16, .ofs_x = 0, .ofs_y = -2},
    {.bitmap_index = 10304, .adv_w = 256, .box_w = 16, .box_h = 16, .ofs_x = 0, .ofs_y = -2},
    {.bitmap_index = 10432, .adv_w = 256, .box_w = 16, .box_h = 16, .ofs_x = 0, .ofs_y = -2},
    {.bitmap_index = 10560, .adv_w = 256, .box_w = 16, .box_h = 15, .ofs_x = 0, .ofs_y = -2},
    {.bitmap_index = 10680, .adv_w = 256, .box_w = 16, .box_h = 16, .ofs_x = 0, .ofs_y = -2},
    {.bitmap_index = 10808, .adv_w = 256, .box_w = 16, .box_h = 15, .ofs_x = 0, .ofs_y = -1},
    {.bitmap_index = 10928, .adv_w = 256, .box_w = 16, .box_h = 14, .ofs_x = 0, .ofs_y = -1},
    {.bitmap_index = 11040, .adv_w = 256, .box_w = 16, .box_h = 16, .ofs_x = 0, .ofs_y = -2},
    {.bitmap_index = 11168, .adv_w = 256, .box_w = 16, .box_h = 15, .ofs_x = 0, .ofs_y = -2},
    {.bitmap_index = 11288, .adv_w = 256, .box_w = 15, .box_h = 16, .ofs_x = 1, .ofs_y = -2},
    {.bitmap_index = 11408, .adv_w = 256, .box_w = 15, .box_h = 16, .ofs_x = 1, .ofs_y = -2},
    {.bitmap_index = 11528, .adv_w = 256, .box_w = 16, .box_h = 15, .ofs_x = 0, .ofs_y = -1},
    {.bitmap_index = 11648, .adv_w = 256, .box_w = 4, .box_h = 6, .ofs_x = 2, .ofs_y = -2},
    {.bitmap_index = 11660, .adv_w = 256, .box_w = 8, .box_h = 14, .ofs_x = 0, .ofs_y = -1}
};

/*---------------------
 *  CHARACTER MAPPING
 *--------------------*/

static const uint16_t unicode_list_1[] = {
    0x0, 0x1f6f, 0x2f4b, 0x4d53, 0x4d56, 0x4d76, 0x4e3f, 0x4e69,
    0x4e97, 0x4e98, 0x4ff1, 0x50bc, 0x5160, 0x5169, 0x531a, 0x531f,
    0x5355, 0x536f, 0x5627, 0x5643, 0x57f1, 0x587a, 0x5914, 0x5aa0,
    0x5aa1, 0x5d3b, 0x5e49, 0x5e9e, 0x5ece, 0x6252, 0x62db, 0x62ee,
    0x64d0, 0x6578, 0x6673, 0x6675, 0x6683, 0x66a8, 0x66aa, 0x6aae,
    0x6cb7, 0x6cd1, 0x6d4e, 0x7191, 0x747e, 0x79c3, 0x7e1c, 0x7e9a,
    0x7eb7, 0x8af9, 0x8b07, 0x8c6e, 0x8cfc, 0x8eb5, 0x8f1d, 0x8f27,
    0x8f4a, 0x8f68, 0x9096, 0x9116, 0x9118, 0x9477, 0x94c8, 0x9568,
    0x95ad, 0x973c, 0xfe55, 0xfe68
};

/*Collect the unicode lists and glyph_id offsets*/
static const lv_font_fmt_txt_cmap_t cmaps[] =
{
    {
        .range_start = 32, .range_length = 95, .glyph_id_start = 1,
        .unicode_list = NULL, .glyph_id_ofs_list = NULL, .list_length = 0, .type = LV_FONT_FMT_TXT_CMAP_FORMAT0_TINY
    },
    {
        .range_start = 183, .range_length = 65129, .glyph_id_start = 96,
        .unicode_list = unicode_list_1, .glyph_id_ofs_list = NULL, .list_length = 68, .type = LV_FONT_FMT_TXT_CMAP_SPARSE_TINY
    }
};

/*-----------------
 *    KERNING
 *----------------*/


/*Map glyph_ids to kern left classes*/
static const uint8_t kern_left_class_mapping[] =
{
    0, 0, 0, 1, 0, 0, 0, 0,
    1, 2, 0, 0, 0, 3, 4, 3,
    5, 0, 0, 0, 0, 0, 0, 0,
    0, 0, 0, 6, 6, 0, 0, 0,
    0, 0, 7, 8, 9, 10, 11, 12,
    13, 0, 0, 14, 15, 16, 0, 0,
    10, 17, 10, 18, 19, 20, 21, 22,
    23, 24, 25, 26, 2, 27, 0, 0,
    0, 0, 28, 29, 30, 0, 31, 32,
    33, 34, 0, 0, 35, 36, 34, 34,
    29, 29, 37, 38, 39, 40, 37, 41,
    42, 43, 44, 45, 2, 0, 0, 0,
    0, 0, 0, 0, 0, 0, 0, 0,
    0, 0, 0, 0, 0, 0, 0, 0,
    0, 0, 0, 0, 0, 0, 0, 0,
    0, 0, 0, 0, 0, 0, 0, 0,
    0, 0, 0, 0, 0, 0, 0, 0,
    0, 0, 0, 0, 0, 0, 0, 0,
    0, 0, 0, 0, 0, 0, 0, 0,
    0, 0, 0, 0, 0, 0, 0, 0,
    0, 0, 0, 0
};

/*Map glyph_ids to kern right classes*/
static const uint8_t kern_right_class_mapping[] =
{
    0, 0, 1, 2, 0, 0, 0, 0,
    2, 0, 3, 4, 0, 5, 6, 7,
    8, 0, 0, 0, 0, 0, 0, 0,
    0, 0, 0, 9, 10, 0, 0, 0,
    11, 0, 12, 0, 13, 0, 0, 0,
    13, 0, 0, 14, 0, 0, 0, 0,
    13, 0, 13, 0, 15, 16, 17, 18,
    19, 20, 21, 22, 0, 23, 3, 0,
    0, 0, 24, 0, 25, 25, 25, 26,
    27, 0, 28, 29, 0, 0, 30, 30,
    25, 30, 25, 30, 31, 32, 33, 34,
    35, 36, 37, 38, 0, 0, 3, 0,
    0, 0, 0, 0, 0, 0, 0, 0,
    0, 0, 0, 0, 0, 0, 0, 0,
    0, 0, 0, 0, 0, 0, 0, 0,
    0, 0, 0, 0, 0, 0, 0, 0,
    0, 0, 0, 0, 0, 0, 0, 0,
    0, 0, 0, 0, 0, 0, 0, 0,
    0, 0, 0, 0, 0, 0, 0, 0,
    0, 0, 0, 0, 0, 0, 0, 0,
    0, 0, 0, 0
};

/*Kern values between classes*/
static const int8_t kern_class_values[] =
{
    0, 0, 0, 0, -33, 0, -33, 0,
    0, 0, 0, -16, 0, -27, -3, 0,
    0, 0, 0, -3, 0, 0, 0, 0,
    -8, 0, 0, 0, 0, 0, -6, 0,
    0, 0, 0, 0, 0, 0, 0, 0,
    0, 0, 0, 0, 0, 0, 0, 0,
    0, 0, 0, -6, 0, 0, 0, 0,
    0, 0, 0, 0, 0, 0, 0, 0,
    0, 0, 23, 0, 0, 0, 0, 0,
    0, 0, 0, 0, 0, -27, 0, -39,
    0, 0, 0, 0, 0, 0, 0, 0,
    0, 0, 0, -28, -6, -19, -10, 0,
    -26, 0, 0, 0, -3, 0, 0, 0,
    7, 0, 0, -13, 0, -10, -6, 0,
    -6, 0, 0, 0, 0, 0, 0, 0,
    0, 0, 0, 0, 0, 0, 0, -6,
    -5, -14, 0, -5, -3, -8, -19, -6,
    0, 0, 0, 0, 0, 0, 0, 0,
    0, -7, 0, -2, 0, -4, 0, 0,
    0, 0, 0, 0, 0, 0, 0, 0,
    0, 0, 0, -12, -3, -23, 0, 0,
    0, 0, 0, 0, 0, 0, 0, -7,
    -9, 0, -3, 7, 7, 0, 0, 3,
    -6, 0, 0, 0, 0, 0, 0, 0,
    0, -14, 0, 0, 0, 0, 0, 0,
    0, 0, 0, 0, 0, 0, 0, 0,
    0, 0, -7, 0, 0, 0, 0, 0,
    0, 0, 1, 0, 0, 0, 0, 0,
    0, 0, 0, 0, 0, -16, 0, -27,
    0, 0, 0, 0, 0, 0, -7, -2,
    -3, 0, 0, -16, -4, -4, 0, 1,
    -4, -2, -12, 7, 0, -3, 0, 0,
    0, 0, 7, -4, -2, -2, -1, -1,
    -2, 0, 0, 0, 0, -9, 0, 0,
    0, 0, 0, 0, 0, 0, 0, -5,
    -4, -7, 0, -2, -1, -1, -4, -1,
    0, 0, 0, 0, 0, 0, 0, 0,
    0, -3, 0, -4, -3, -3, -4, 0,
    0, 0, 0, 0, 0, -7, 0, 0,
    0, 0, 0, 0, -8, -3, -7, -5,
    -4, -1, -1, -1, -2, -3, 0, 0,
    0, 0, -6, 0, 0, 0, 0, -8,
    -3, -4, -3, 0, -4, 0, 0, 0,
    0, -10, 0, 0, 0, -5, 0, 0,
    0, -3, 0, -11, 0, -7, 0, -3,
    -2, -5, -6, -6, 0, 0, 0, 0,
    0, 0, 0, 0, 0, 0, 0, 0,
    0, -4, 0, -2, 0, 0, 0, 0,
    0, 0, 0, 0, 0, 0, 0, 0,
    0, 0, 0, 0, 0, 0, 0, 0,
    0, 0, 0, 0, -3, 0, 0, 0,
    0, 0, 0, -7, 0, -3, 0, -9,
    -3, 0, 0, 0, 0, 0, -21, 0,
    -21, -20, 0, 0, 0, -11, -3, -40,
    -6, 0, 0, 1, 1, -7, 0, -9,
    0, -10, -4, 0, -7, 0, 0, -6,
    -6, -3, -5, -6, -5, -7, -5, -8,
    0, 0, 0, -8, 0, 0, 0, 0,
    0, 0, 0, -1, 0, 0, 0, -6,
    0, -4, -1, 0, 0, 0, 0, 0,
    0, 0, 0, 0, 0, 0, 0, 0,
    0, 0, 0, 0, 0, 0, 0, 0,
    0, 0, -7, 0, -7, 0, 0, 0,
    0, 0, 0, -12, 0, 0, 0, 0,
    0, 0, 0, 0, 0, 0, 0, 0,
    0, 0, 0, 0, 0, 0, 0, 0,
    0, 0, 0, 0, 0, -6, 0, -12,
    0, -8, 0, 0, 0, 0, -2, -3,
    -6, 0, -3, -5, -4, -4, -3, 0,
    -5, 0, 0, 0, -2, 0, 0, 0,
    -3, 0, 0, -9, -4, -6, -5, -5,
    -6, -4, 0, -25, 0, -44, 0, -15,
    0, 0, 0, 0, -9, 1, -7, 0,
    -6, -34, -8, -22, -16, 0, -22, 0,
    -23, 0, -3, -4, -1, 0, 0, 0,
    0, -6, -3, -10, -10, 0, -10, 0,
    0, 0, 0, 0, -32, -9, -32, -22,
    0, 0, 0, -14, 0, -42, -3, -7,
    0, 0, 0, -7, -3, -22, 0, -12,
    -7, 0, -9, 0, 0, 0, -3, 0,
    0, 0, 0, -4, 0, -6, 0, 0,
    0, -3, 0, -9, 0, 0, 0, 0,
    0, -1, 0, -5, -4, -4, 0, 2,
    2, -1, 0, -3, 0, -1, -3, 0,
    -1, 0, 0, 0, 0, 0, 0, 0,
    0, -2, 0, -2, 0, 0, 0, -5,
    0, 4, 0, 0, 0, 0, 0, 0,
    0, -4, -4, -6, 0, 0, 0, 0,
    -4, 0, 0, 0, 0, 0, 0, 0,
    0, 0, 0, -7, 0, 0, 0, 0,
    0, 0, 0, 0, 0, 0, -30, -21,
    -30, -26, -6, -6, 0, -12, -7, -36,
    -11, 0, 0, 0, 0, -6, -4, -15,
    0, -21, -19, -5, -21, 0, 0, -13,
    -17, -5, -13, -9, -10, -11, -9, -22,
    0, 0, 0, 0, -5, 0, -5, -9,
    0, 0, 0, -5, 0, -14, -3, 0,
    0, -1, 0, -3, -4, 0, 0, -1,
    0, 0, -3, 0, 0, 0, -1, 0,
    0, 0, 0, -2, 0, 0, 0, 0,
    0, 0, -19, -5, -19, -13, 0, 0,
    0, -4, -3, -21, -3, 0, -3, 3,
    0, 0, 0, -5, 0, -6, -4, 0,
    -6, 0, 0, -6, -4, 0, -9, -3,
    -3, -4, -3, -7, 0, 0, 0, 0,
    -10, -3, -10, -8, 0, 0, 0, 0,
    -2, -19, -2, 0, 0, 0, 0, 0,
    0, -2, 0, -5, 0, 0, -4, 0,
    0, 0, 0, 0, 0, 0, 0, 0,
    0, -3, 0, -3, 0, -3, 0, -8,
    0, 0, 0, 0, 0, 1, -5, 0,
    -4, -6, -3, 0, 0, 0, 0, 0,
    0, -3, -2, -5, 0, 0, 0, 0,
    0, -5, -3, -5, -4, -3, -5, -4,
    0, 0, 0, 0, -26, -19, -26, -19,
    -7, -7, -2, -4, -4, -29, -5, -4,
    -3, 0, 0, 0, 0, -7, 0, -19,
    -12, 0, -17, 0, 0, -12, -12, -8,
    -10, -4, -7, -10, -4, -14, 0, 0,
    0, 0, 0, -10, 0, 0, 0, 0,
    0, -2, -6, -9, -9, 0, -3, -2,
    -2, 0, -4, -5, 0, -5, -6, -6,
    -4, 0, 0, 0, 0, -4, -7, -5,
    -5, -7, -5, 0, 0, 0, 0, 0,
    0, 0, 0, 0, 0, 0, 0, 0,
    0, 0, 0, -25, -8, -15, -8, 0,
    -21, 0, 0, 0, 0, 0, 9, 0,
    21, 0, 0, 0, 0, -6, -3, 0,
    4, 0, 0, 0, 0, -15, 0, 0,
    0, 0, 0, 0, -4, 0, 0, 0,
    0, -7, 0, -5, -1, 0, -7, 0,
    0, 0, 0, 0, 0, 0, 0, 0,
    0, -4, 0, 0, 0, 0, 0, 0,
    0, -8, 0, -7, -3, 2, -3, 0,
    0, 0, -4, 0, 0, 0, 0, -16,
    0, -5, 0, -1, -13, 0, -7, -4,
    0, 0, 0, 0, 0, 0, 0, -5,
    0, -1, -1, -5, -1, -2, 0, 0,
    0, 0, 0, -6, 0, 0, 0, 0,
    0, 0, 0, 0, 0, -6, 0, -4,
    0, 0, -7, 0, 0, -3, -6, 0,
    -3, 0, 0, 0, 0, -3, 0, 2,
    2, 2, 2, 0, 0, 0, 0, -10,
    0, 3, 0, 0, 0, 0, -2, 0,
    0, -6, -6, -7, 0, -5, -3, 0,
    -7, 0, -6, -4, 0, 0, -3, 0,
    0, 0, 0, -3, 0, 1, 1, -2,
    1, 0, 4, 12, 14, 0, -14, -4,
    -14, -4, 0, 0, 7, 0, 0, 0,
    0, 13, 0, 19, 13, 9, 17, 0,
    18, -6, -3, 0, -4, 0, -3, 0,
    -1, 0, 0, 4, 0, -1, 0, -4,
    0, 0, 4, -9, 0, 0, 0, 14,
    0, 0, -10, 0, 0, 0, 0, -7,
    0, 0, 0, 0, -4, 0, 0, -5,
    -4, 0, 0, 0, 10, 0, 0, 0,
    0, -1, -1, 0, 4, -4, 0, 0,
    0, -10, 0, 0, 0, 0, 0, 0,
    -2, 0, 0, 0, 0, -7, 0, -3,
    0, 0, -5, 0, 0, 0, 0, 0,
    0, 0, 0, 0, 0, 0, 0, 0,
    0, 0, 0, 0, 0, 0, 0, -6,
    4, -13, 4, 0, 4, 4, -4, 0,
    0, 0, 0, -10, 0, 0, 0, 0,
    -3, 0, 0, -3, -5, 0, -3, 0,
    -3, 0, 0, -6, -4, 0, 0, -2,
    0, -2, 0, 0, 0, 0, 0, 0,
    0, 0, 0, 0, 0, 0, 0, 0,
    0, 0, 0, 0, 0, 0, 0, 0,
    0, 0, 0, 0, 0, 0, 2, 0,
    0, 0, 0, 0, 0, 0, 0, 0,
    0, 0, 0, -7, 0, 0, 0, 0,
    0, 0, 0, 0, 0, 0, 0, -6,
    0, -4, 0, 0, -9, 0, 0, 0,
    0, 0, 0, 0, 0, 0, 0, 0,
    0, 0, 0, 0, 0, 0, 0, 0,
    0, 0, -16, -7, -16, -10, 7, 7,
    0, -4, 0, -16, 0, 0, 0, 0,
    0, 0, 0, -3, 4, -7, -3, 0,
    -3, 0, 0, 0, -1, 0, 0, 7,
    5, 0, 7, -1, 0, 0, 0, -14,
    0, 3, 0, 0, 0, 0, -3, 0,
    0, 0, 0, -7, 0, -3, 0, 0,
    -6, 0, 0, 0, 0, 0, 0, 0,
    0, 0, 0, -6, 0, 0, 0, 0,
    0, 0, 0, 0, 0, 0, 2, -7,
    2, 3, 4, 4, -7, 0, 0, 0,
    0, -4, 0, 0, 0, 0, -1, 0,
    0, -6, -4, 0, -3, 0, 0, 0,
    -3, -6, 0, 0, 0, -5, 0, 0,
    0, 0, 0, -3, -10, -2, -10, -6,
    0, 0, 0, -3, 0, -12, 0, -6,
    0, -3, 0, 0, -4, -3, 0, -6,
    -1, 0, 0, 0, -3, 0, 0, 0,
    0, 0, 0, 0, 0, -7, 0, 0,
    0, -3, -12, 0, -12, -2, 0, 0,
    0, -1, 0, -9, 0, -7, 0, -3,
    0, -4, -7, 0, 0, -3, -1, 0,
    0, 0, -3, 0, 0, 0, 0, 0,
    0, 0, 0, -5, -4, 0, 0, -6,
    2, -4, -2, 0, 0, 2, 0, 0,
    -3, 0, -1, -9, 0, -4, 0, -3,
    -10, 0, 0, -3, -5, 0, 0, 0,
    0, 0, 0, -7, 0, 0, 0, 0,
    0, 0, 0, 0, 0, 0, -10, 0,
    -10, -4, 0, 0, 0, 0, 0, -12,
    0, -6, 0, -1, 0, -1, -2, 0,
    0, -6, -1, 0, 0, 0, -3, 0,
    0, 0, 0, 0, 0, -4, 0, -7,
    0, 0, 0, 0, 0, -5, 0, 0,
    0, 0, 0, 0, 0, 0, 0, -7,
    0, 0, 0, 0, -8, 0, 0, -7,
    -3, 0, -2, 0, 0, 0, 0, 0,
    -3, -1, 0, 0, -1, 0
};


/*Collect the kern class' data in one place*/
static const lv_font_fmt_txt_kern_classes_t kern_classes =
{
    .class_pair_values   = kern_class_values,
    .left_class_mapping  = kern_left_class_mapping,
    .right_class_mapping = kern_right_class_mapping,
    .left_class_cnt      = 45,
    .right_class_cnt     = 38,
};

/*--------------------
 *  ALL CUSTOM DATA
 *--------------------*/

#if LVGL_VERSION_MAJOR == 8
/*Store all the custom data of the font*/
static  lv_font_fmt_txt_glyph_cache_t cache;
#endif

#if LVGL_VERSION_MAJOR >= 8
static const lv_font_fmt_txt_dsc_t font_dsc = {
#else
static lv_font_fmt_txt_dsc_t font_dsc = {
#endif
    .glyph_bitmap = glyph_bitmap,
    .glyph_dsc = glyph_dsc,
    .cmaps = cmaps,
    .kern_dsc = &kern_classes,
    .kern_scale = 16,
    .cmap_num = 2,
    .bpp = 4,
    .kern_classes = 1,
    .bitmap_format = 0,
#if LVGL_VERSION_MAJOR == 8
    .cache = &cache
#endif
};



/*-----------------
 *  PUBLIC FONT
 *----------------*/

/*Initialize a public general font descriptor*/
#if LVGL_VERSION_MAJOR >= 8
const lv_font_t flomo_font_16 = {
#else
lv_font_t flomo_font_16 = {
#endif
    .get_glyph_dsc = lv_font_get_glyph_dsc_fmt_txt,    /*Function pointer to get glyph's data*/
    .get_glyph_bitmap = lv_font_get_bitmap_fmt_txt,    /*Function pointer to get glyph's bitmap*/
    .line_height = 20,          /*The maximum line height required by the font*/
    .base_line = 5,             /*Baseline measured from the bottom of the line*/
#if !(LVGL_VERSION_MAJOR == 6 && LVGL_VERSION_MINOR == 0)
    .subpx = LV_FONT_SUBPX_NONE,
#endif
#if LV_VERSION_CHECK(7, 4, 0) || LVGL_VERSION_MAJOR >= 8
    .underline_position = -2,
    .underline_thickness = 1,
#endif
    .dsc = &font_dsc,          /*The custom font data. Will be accessed by `get_glyph_bitmap/dsc` */
#if LV_VERSION_CHECK(8, 2, 0) || LVGL_VERSION_MAJOR >= 9
    .fallback = NULL,
#endif
    .user_data = NULL,
};



#endif /*#if FLOMO_FONT_16*/

